tweet_id,tweet_content,annotation_sentiment,annotation_emotion,annotation_qualifier
1261283547698036736,Gro√üartige Ansage im #ICE an all die Anh√§nger*innen von #Verschwoerungstheorien in Zeiten des #coronavirus üëáüèΩüëçüèº Genau zuh√∂renüëÇüèª#Bahn #DeutscheBahn https://t.co/CRqnLbxZBh,positive,joy,humour or sarcasm
1326574669101735943,"""Mein Lehrer wollte, dass ich auf die Hauptschule gehe. Erst durch das Einschreiten meines deutschen Nachbarn konnte ich aufs Gymnasium.""   Prof. Dr. Uƒüur #≈ûahin Entwickler des #Covid19 Impfstoffes.  Ja, vielleicht reden wir mal √ºber Diskriminierungen  durch unser Bildungssystem.",negative,anger,frustration
1328977944275013639,"√úblicherweise darf jeder Abgeordnete 6 G√§ste mit in den #Bundestag nehmen. Diese Regel ist f√ºr heute ausgesetzt, aus Sorge, MdB k√∂nnten die irren Demonstranten mit reinnehmen.  So ist das, wenn man den verl√§ngerten Arm der Coronaleugner und Nazis im #Parlament sitzen hat.  #b1811",negative,disgust,frustration
1238376479291052035,"Vor kurzem noch forderte die #Bertelsmannstiftung, 50 % der deutschen Krankenh√§user dicht zu machen.  Man stelle sich vor, dieser Plan w√§re Realit√§t geworden.  K√∂nnen wir uns darauf einigen, zum Schutz der Menschheit nie mehr auf Neoliberale zu h√∂ren?  #COVID19 #coronavirus",negative,fear,concern
1252975112913145856,"Nach meinem Tweet zu √ºberteuerten Masken hat #Trigema eine Kalkulation geschickt. Diese war √ºberzeugend. Trigema produziert vergleichsweise #sozial. Das finde ich richtig, daher Tweet gel√∂scht. Die Kritik an der #BuReg aber bleibt: Bei #Maskenpflicht braucht es bezahlbare Masken!",neutral,anticipation,concern
1328975343248699392,Ich stimme heute gegen das #Infektionsschutzgesetz der Bundesregierung. Der Bundestag darf das Heft des Handelns nicht auf die Bundesregierung √ºbertragen.,negative,anger,concern
1258474494328549376,"Atombomber sind nicht systemrelevant. 18,5 Mrd. ‚Ç¨ f√ºr 138 neue Kampfflugzeuge fehlen f√ºr Investitionen und bessere Bezahlung in Gesundheit und Pflege, Bildung und Erziehung, Handel und Logistik und die Bew√§ltigung der Coronakrise. Katastrophale Entscheidung stoppen! https://t.co/iURFBMkMkn",negative,anger,frustration
1337688678488006656,"Die Corona-Krise hat noch einmal deutlich gemacht, dass das Gesundheitssystem nicht den Profitinteressen von Krankenhauskonzernen und Pharmalobby unterworfen werden darf. Krankenh√§user m√ºssen sich nicht rechnen, sondern die Menschen mit der bestm√∂glichen Versorgung gesund machen.",negative,disgust,frustration
1241792023188983809,"Wenn drei FreundInnen unter freiem Himmel zusammentreffen, ist es verboten. Wenn die selben drei allerdings in der Werkshalle f√ºr Rheinmetall Waffen bauen oder f√ºr Amazon Pakete f√ºllen, ist es kein Problem.   Fazit: Kapitalismus sch√ºtzt vor Viren! #Kontaktverbot",negative,disgust,humour or sarcasm
1244642534237908992,"AfD gratuliert #Orban zum ""Sieg f√ºr ganz Europa"". #Ungarn heute: Ausgangsperre, drakonische Strafen, Parlament aufgel√∂st, keine Wahlen, Medienmaulkorb, Diktatur per Dekret. Mit unseren Antidemokraten w√§rs in #Coronadeutschland mit Freiheit schnell vorbei. Wehret den Anf√§ngen! https://t.co/7pCM5mFn2L",negative,fear,concern
1251907436916674560,"Guter Vorsto√ü aus D√§nemark: Wer Firmensitz in Steueroase unterh√§lt oder Dividenden auszahlt, hat keine Anspr√ºche auf #Corona-Staatshilfen. W√§re zu sch√∂n, wenn Bundesregierung auch mal auf solche Ideen kommt.",negative,sadness,frustration
1239325197620195328,"‚ÄûViele Corona-Infektionen in Europa sollen bis in den √∂sterreichischen Ort Ischgl zur√ºckzuverfolgen sein. Als ein Land l√§ngst warnte, ging der Skispa√ü trotzdem noch acht Tage weiter.‚Äú  Dankesch√∂n, Sebastian Kurz. F√ºr nichts.    https://t.co/BK61ZUiz6w https://t.co/xpOBF9wuoa",negative,anger,frustration
1245079034842710017,"Nach der #Coronakrise k√∂nnen wir uns ja dann vielleicht alle darauf einigen:  der #Markt regelt einen Scheiss.  Er regelt Schutzmasken nicht. Beatmungsger√§te nicht. Schutzkleidung nicht. Personal nicht. Krankenhausbetten nicht. Intensivbetten nicht.  Nix kann er, der Markt.",negative,disgust,frustration
1239840844963811329,"#Coronavirus: Wie ist es m√∂glich, dass #BuReg nach zu langem Z√∂gern endlich Grenzen, Schulen &amp; Caf√©s schlie√üt, aber der #Krisenstab der #BuReg immer noch nicht in der Lage ist, die ankommenden Flugpassagiere aus #Risikoregionen kontrollieren zu lassen? https://t.co/45XeQhCyc8",negative,anger,frustration
1330450670802100225,Warum #Querdenker und andere #Corona-Demonstranten weder #AnneFrank noch #sophiescholl sind - der gro√üe Vergleich:  #janaauskassel #HaltDieFresseJana https://t.co/cUutxtTPdc,negative,disgust,frustration
1330460397032366082,"Wer sich heute mit Sophie Scholl o Anne Frank vergleicht,verh√∂hnt den Mut, den es brauchte,Haltung gegen Nazis zu zeigen.   Das verharmlost den Holocaust und zeigt eine unertr√§gliche Geschichtsvergessenheit.  Nichts verbindet Coronaproteste mit Widerstandsk√§mpfer*Innen.  Nichts!",negative,disgust,frustration
1265296393956208641,"Morddrohungen bis zu Beleidigungen aller Art, einige von uns m√ºssen viel hinnehmen. Daher sollte jeder mit Restbestand von Charakter die Hetze im Netz gegen Virologen, Epidemiologen oder Politiker einstellen. Es animiert Leute, die unberechenbar sind. Denkt an unsere Familien https://t.co/mOzXAnNLge",negative,disgust,concern
1327692049181782017,"Ich sehe nicht, was Querdenken √ºberhaupt mit Denken zu tun hat. Wir k√§mpfen darum, dass unsere Kinder zur Schule gehen k√∂nnen und √Ñltere und Kranke nicht sterben. Jeder dazwischen kann bleibende Sch√§den haben. Querdenker sind mE selbstgerechte Saboteure der Zivilgesellschaft",negative,disgust,frustration
1289518034621612032,"Tausende #Covidioten feiern sich in #Berlin als ‚Äûdie zweite Welle‚Äú, ohne Abstand, ohne Maske. Sie gef√§hrden damit nicht nur unsere Gesundheit, sie gef√§hrden unsere Erfolge gegen die Pandemie und f√ºr die Belebung von Wirtschaft, Bildung und Gesellschaft. Unverantwortlich!",negative,anger,frustration
1290256905634484225,"Wer bei Rot √ºber die Ampel f√§hrt, kann sich damit auch nicht auf Freiheitsrechte berufen. Das ist nicht verboten, weil es der Politik nicht gef√§llt, sondern weil es Menschenleben gef√§hrdet. Die Freiheit in diesem Land ist gro√ü, aber sie endet, wo die der anderen beginnt. #Maske",negative,sadness,concern
1344758901783359489,"Ich w√ºnsche allen Followern ein gesundes und gl√ºckliches Neues Jahr. Danke f√ºr das Interesse und den Zuspruch, den mir viele geschenkt haben, aber auch f√ºr die konstruktive Kritik. Zusammen werden wir in 2021 die Corona-Pandemie beenden und f√ºr die Zukunft besser vorbereitet sein https://t.co/gZdbQ8bNEx",positive,joy,relief
1225034218671083520,"Der Tabubruch, der AfD zu echter Macht verholfen zu haben, wird nun f√ºr immer mit @CDU und @fdp verbunden sein. Die Masken sind gefallen. Es werden jetzt spannende Tage. Wachsamkeit ist das Gebot der Stunde. #Th√ºringen",negative,fear,concern
1289611089655869440,"Wer jemals einen Menschen am Beatmungsger√§t um sein Leben k√§mpfen gesehen hat kann eine solche uninformierte, r√ºcksichtslose und selbstgerechte Verhaltensweise nicht akzeptieren. Wenn das nicht anders zu stoppen ist muss es erhebliche Bussgelder geben https://t.co/kJS6Nrs0WU",negative,anger,frustration
1279891156915101703,Ich sehe es genau anders. Wer ohne Maske einkauft und die Ware mit seinen Droplets kontaminiert oder das Personal und alte Menschen gef√§hrdet mag zwar ‚Äûsein Gesicht zeigen‚Äú. Das gleiche nicht zu tun w√§re aber ‚ÄûCharakter und Verstand zu zeigen‚Äú. Schutzmaske ist keine Vermummung,negative,disgust,frustration
1240736736906543105,"Wenn ich mir anschaue, wie bei @rbb24 / @ARDKontraste die #Corona-Picknicker noch kackendreist in die Kamera grinsen und der #StayAtHome-Fraktion ungeniert den Mittelfinger zeigen, dann wird klar: Das ist kein Informationsdefizit, sondern eine Haltung. Abgr√ºnde tun sich auf.",negative,disgust,frustration
1329491847140560898,"(1) Mitglieder dieser Facebook Gruppen drohen mir erneut mit Tod und Leid. Sie radikalisieren sich gegenseitig. Ich bin nicht der einzige Betroffene. Es stimmt mich traurig, dass es so ist. AfD tr√§gt mE grosse Mitschuld, sie zersetzt Demokratie, ist ohne Anstand. Ich mache weiter",negative,sadness,concern
1329048320736710656,Diese Leute vor meinem Fenster werden mir heute nicht die gute Stimmung in Anbetracht der Erfolge beim Impfstoff verderben. Werde mit ‚Å¶@igorpianist‚Å© auf meinem Balkon darauf anstossen. https://t.co/fYINoKCAi6,positive,anticipation,relief
1339959918045110273,"Traurig aber wahr, zum Thema #Coronaleugner https://t.co/p6CsNLsu4x",negative,sadness,humour or sarcasm
1291691949855051776,"Ich mache Vorschl√§ge, wie man mit einer auf Superspreader/Cluster ausgerichteten Strategie in einer 2.Welle einen Lockdown verhindern kann. Und wie wir unsere Kinder sicher wieder unterrichten k√∂nnen. Daf√ºr arbeite ich hart, wie viel andere auch. Von Ihrer Partei h√∂rt man nichts",negative,sadness,frustration
1311709674903932929,"Herzlichen Gl√ºckwunsch an ‚Å¶@c_drosten‚Å© Er hat das Bundesverdienstkreuz verdient wie kein Zweiter in der Corona Pandemie. Ohne ihn w√§re die extrem schnelle, erfolgreiche Bek√§mpfung der 1. Welle schlicht nicht m√∂glich gewesen. Das muss man anerkennen https://t.co/dS1tw4QZDV",positive,trust,relief
1241857553409216513,"An jeden, der jetzt abfeiert, dass die Regierungschefin unseres Landes in Quarant√§ne geht: Sowas ist nur noch widerlich und unmenschlich. Lasst uns mit diesem Hass auf alles in Ruhe!   Frau Bundeskanzlerin, Ihnen alles Gute &amp; bleiben Sie gesund.   #COVID„Éº19",negative,disgust,frustration
1240569679825027072,"Auch ich bin vom #coronavirus betroffen. Mit geht es gut &amp; um mich muss sich niemand sorgen. Bleibe weiter daheim in #Quarant√§ne &amp; folge den Anweisungen der Beh√∂rden. Sorgt Euch um die, die es h√§rter treffen kann &amp; macht unbedingt mit bei #wirbleibenzuhause! https://t.co/c89rgGiRCm",positive,anticipation,downplayed risk
1239489891219767297,"An alle, die mit #NoAfD sympathisieren, h√§ttet Ihr als Krisenmanager gerade lieber:  Boris Johnson (setzte zuerst auf ,Herdenimmunit√§t‚Äò)?  Jair Bolsonaro (hielt #Corona anfangs f√ºr ,Fantasie‚Äò)?  Oder Donald Trump (war ‚Äönicht besorgt‚Äò)?!   Nein?! Dann merken &amp; nie vergessen!",negative,fear,concern
1243941763817013251,"Ein Update in eigener Sache: Mein neuer #Corona-Test ist negativ &amp; die Quarant√§ne aufgehoben. Ich bin wieder gesund, aber auch jetzt werde ich nicht unn√∂tig rausgehen. Abstand halten hei√üt f√ºreinander da zu sein. Bleibt solidarisch. Bleibt zuhause. #StayHomeAndStaySafe #EvdeKalin https://t.co/5lTPlDILae",positive,anticipation,relief
1304693089148317696,"Andi Scheuer sagt, (#Klima-)Ziele m√ºssen in die Zeit passen.   Ich sage: Verkehrsminister auch. https://t.co/oU9zTAZCec",negative,anger,concern
1328968484919926793,"Wenn ein Mitglied des Bundestages noch vor wenigen Jahren ein Gesetz, wie das #Infektionsschutzgesetz mit dem #Erm√§chtigungsgesetz der Nazis von 1933 gleichgesetzt h√§tte, w√§re die R√ºckgabe des Mandats eine Frage von Stunden gewesen. Heute tut es eine ganze Fraktion - folgenlos.",negative,disgust,frustration
1239715616497577991,"Ich finde der S√∂der macht das gerade gut. Krisenzeiten sind in Deutschland Zeiten, wo Demokraten √ºber Parteigrenzen hinweg zusammenr√ºcken. Es braucht jetzt Entschlossenheit und mehr Tempo. #coronavirusdeutschland #Corona #COVID19 #Soeder",positive,trust,relief
1318189681767579651,"Kann ehrlich gesagt nicht glauben, dass wir uns jetzt hier gegenseitig vorwerfen, was wir vermissen. Wo bitte kommt die H√§me her, wenn eine junge Frau sagt, dass sie #Partys vermisst? #Socialdistancing hei√üt nicht, sich sozial daneben zu benehmen, auch nicht online!",negative,anger,frustration
1240369913010827264,"Man kann in dieser Krise #Corvid19de einfach nur froh sein eine Kanzlerin wie Angela #Merkel zu haben. Und in den kommenden Monaten sollte kein Parteibuch, sondern nur politische Ernsthaftigkeit, demokratische Verantwortung und gesellschaftliche Solidarit√§t eine Rolle spielen.",positive,trust,relief
1325216276873154560,"Unfassbar: Nach Chemnitz und Heidenau nun #Leipzig. Die Polizei und damit das staatliche Gewaltmonopol weicht zur√ºck - und l√§sst Pandemie-Leugner, darunter zahlreiche Neonazis gew√§hren. Das muss auf allen Ebenen aufgekl√§rt werden. Auch d Bundesinnenminister ist gefragt. #le0711",negative,disgust,concern
1240752488736788480,"Schnelle Pr√ºfung ergibt: Wohnsitz &amp; Arbeitgeber in Deutschland. Alles gut abgespeichert. Anzeigen, Hinweise an Verfassungsschutz&amp; ggf Arbeitgeber folgen nach Corona. Gute Nachricht: der Druck hat gewirkt &amp; die Beh√∂rden werden immer besser im Aufsp√ºren der Fanatiker @TRTDeutsch https://t.co/uR9BajTfcI",negative,disgust,concern
1336276344657817600,"Ich bin in einem Schnelltest positiv auf Covid-19 getestet worden. Ich habe mich heute Vormittag testen lassen, weil ich leichte Erk√§ltungssymptome bemerkt hatte. Ich habe mich jetzt in h√§usliche Isolation begeben. Mir geht es den Umst√§nden entsprechend gut. (1/2)",positive,anticipation,downplayed risk
1273668886454571008,√úber 730 Corona-Infektionen bei #T√∂nnies: Ich habe Strafanzeige wegen des Tatbestandes der K√∂rperverletzung und aller weiteren in Betracht kommenden Delikte eingereicht. https://t.co/XroS2xWXfs,negative,anger,frustration
1334382616238239749,"Kunden, die #Corona untersch√§tzten, untersch√§tzen auch gern die #Klimakrise oder #Rechtsextremismus",neutral,fear,concern
1265718233983791105,Wirklich entz√ºckend!  ‚Å¶@AOK_Politik‚Å© stoppt Werbung in der #BILD Zeitung ‚Å¶@c_drosten‚Å© #Corona  https://t.co/mZaQ24UvQb,positive,joy,relief
1279798745719332864,"Ich verstehe die Ungeduld und den Wunsch nach Normalit√§t. Aber das Virus ist noch da. Wo in geschlossenen R√§umen der n√∂tige Abstand nicht immer gesichert ist, bleibt die Alltagsmaske geboten. So achten wir aufeinander und sch√ºtzen uns gegenseitig. #COVID19",neutral,trust,downplayed risk
1273177240952545282,"Starker Start: Die #CoronaWarnApp wurde bereits 6,5 Millionen Mal heruntergeladen. Das sollte noch mehr B√ºrger motivieren, mitzumachen. Denn Corona einzud√§mmen, ist ein Teamspiel. Jeder, der die App nutzt, macht einen Unterschied. #IchAppMit",positive,anticipation,relief
1343154122367918080,"Als am 12. April 1955 bekannt wurde, dass  Wissenschaftler einen Impfstoff gegen die Kinderl√§hmung (Polio) gefunden hatten, da - so hei√üt es in einem Bericht - ""verharrten die Menschen eine Weile in Schweigen, l√§uteten Glocken, hupten, lie√üen Fabrikpfeifen schritten, ...",neutral,sadness,frustration
1321537549144334336,"Vielleicht w√ºrde es den Sinn f√ºr Eigenverantwortung sch√§rfen, wenn √ºber #Covid19 Patienten auf Intensivstationen und an Beatmungsger√§ten √§hnlich oft und ausf√ºhrlich berichtet w√ºrde, wie √ºber die Demonstrationen von ‚ÄûQuerdenkern‚Äú und #Hygieneleugner",negative,sadness,frustration
1259573818785501187,"Bei @AnneWillTalk wird #Kubicki gefragt, ob er #Lockerungen will. ‚ÄûJa, vor allem weil ich nicht wei√ü, was wir mit R-Zahl 1 oder 1,3 jetzt anfangen sollen.‚Äú Aha, also Nicht-Wissen als Grundlage f√ºr eine Forderung nach Lockerungen. #AnneWill",negative,anger,concern
1289701285998940160,"Es sind keine #Covidioten. Der Begriff verharmlost die Ziele der Drahtzieher. Es ist eine Querfront, die unsere Demokratie verachtet, mit Fake News eine geschlossene Gegenwelt aufbauen will (Stichwort:L√ºgenpresse) um sie gegen den freiheitlichen Rechtsstaat in Stellung zu bringen",negative,disgust,frustration
1241161764852715520,"Ich bin 73, habe ein vorgesch√§digtes Herz und ein geschw√§chtes Immunsystem. Deshalb werde ich so lange in h√§uslicher Quarant√§ne bleiben m√ºssen, bis ein wirksames Medikament/Impfung gegen #Coronavirus verf√ºgbar ist. Das fiele mir leichter, wenn ich mir nicht 2/",neutral,anticipation,concern
1287632725864845312,"Warum leichtfertig riskieren, was wir gemeinsam unter hohen Kosten erreicht haben? Durch iIllegale Parties u Reisen ohne Vorsicht verbreitet sich das Virus wieder schneller. #Covid19 besiegen ist ein Teamspiel. Es geht nur, wenn m√∂glichst viele mitziehen u aufeinander aufpassen.",negative,anger,concern
1287773361423233025,"Wir m√ºssen verhindern, dass Reiser√ºckkehrer unbemerkt andere anstecken und so neue Infektionsketten ausl√∂sen. Deswegen werde ich eine Testpflicht f√ºr Einreisende aus Risikogebieten anordnen. Das dient dem Schutz aller B√ºrgerinnen und B√ºrger.",neutral,anticipation,relief
1289578781057810432,"Ja, Demonstrationen m√ºssen auch in #Corona-Zeiten m√∂glich sein. Aber nicht so. Abstand, Hygieneregeln und Alltagsmasken dienen unser aller Schutz; so gehen wir respektvoll miteinander um und sch√§tzen den Verzicht so vieler in dieser Pandemie wert.",neutral,trust,downplayed risk
1244001308153184256,"√úber 10.000 Menschen in Italien verstorben an #Corona. Fast 6.000 in Spanien. In beiden L√§ndern √ºber 800 Tote letzte 24 h, √ºber 300 in Frankreich. Fruchtbar, riesige Herausforderung. H√∂ren wir bitte auf, nach wenigen Tagen Einschr√§nkungen in üá©üá™ zu diskutieren, wie lange das ‚Äûmu√ü‚Äú",negative,anger,frustration
1343157048863838208,Das Leben einer 101-J√§hrigen ist exakt genauso viel Wert wie das Leben eines j√ºngeren Menschens. #Impfstoff #Impfstart #Impfung #Impfen,positive,trust,relief
1337706362621538305,‚ÄºÔ∏èEinb√ºrgerunsurkunde statt Abschiebungsbescheid‚ÄºÔ∏è Seit Monaten k√ºmmert sich Farah Demir um Corona-Intensiv-Patienten. Doch der hingebungsvollen Pflegefachkraft droht die Abschiebung - dabei lebt sie seit 34 Jahren in Deutschland.‚Äú   https://t.co/rehoawSSi1,negative,anger,frustration
1241372372067852288,"Mein Eindruck ist nicht, dass die Menschen jetzt dar√ºber nachdenken, wer sich in der Krise als Kanzlerkandidat qualifiziert. Mein Eindruck ist, dass die allermeisten froh sind, dass wir jetzt Angela Merkel als Kanzlerin haben. #Coronavirus #FlattenTheCurve #bleibzuhause",neutral,trust,relief
1299673585984905217,"Die Berliner Demo wird aufgel√∂st. F√ºr die Polizistinnen und Polizisten, die das jetzt durchsetzen m√ºssen, ist das ein Knochenjob mit extra Infektionsrisiko. Das kann man auch mal anerkennen und ihnen f√ºr ihren Einsatz danken. #b2908 #Berlin2908",positive,trust,concern
1292779520940965888,"Du bist so richtig CDU, wenn Digitalisierung f√ºr Dich ‚Äûeine Mailadresse f√ºr jeden Sch√ºler‚Äú bedeutet üôàüôàüôà",neutral,anger,humour or sarcasm
1238821264459882497,"ARD/ZDF lernen nichts. Ich bin 70 geworden und wei√ü seit 1 Stunde, dass ich Corona - positiv bin. Makabere  ARD-Satire: ‚ÄûCorona rafft die Alten dahin. Das ist nur gerecht‚Äú https://t.co/LUvgq0KNSM via @welt",negative,disgust,frustration
1328746430744449026,"Die FDP-Bundestagsfraktion hat einstimmig beschlossen, den Gesetzentwurf f√ºr ein Infektionsschutzgesetz morgen im Deutschen Bundestag abzulehnen.",neutral,trust,relief
1321751842095771648,"Ich habe eine Spontanversammlung angemeldet: Lasst uns heute um 18:00 Uhr zu einer Schweigeminute an der franz√∂sischen Botschaft am Pariser Platz in Berlin treffen, um die Opfer des islamistischen Terrors in Paris, Dresden und #Nizza zu betrauern. Masken bitte nicht vergessen.",neutral,sadness,frustration
1328784105333542915,"Liebe Verschw√∂rungstheoretiker, es ist so: Im Stra√üenverkehrsgesetz tauchen die W√∂rter ‚ÄûErm√§chtigung‚Äú und ‚Äûerm√§chtigt‚Äú 37 mal auf und trotzdem ist Scheuer nicht Hitler.",negative,disgust,frustration
1309557024720588800,"Respekt an #FridaysForFuture! Kinder und Jugendliche haben heute mit Maske und Abstand demonstriert. Ein Vorbild f√ºr manche Erwachsene, die in der letzten Zeit in Berlin protestiert haben... Das Demonstrationsrecht ist wichtig - und trotz Corona m√∂glich. CL #KeinGradWeiter",positive,trust,relief
1241762545825964032,"Strenges #Kontaktverbot ist vern√ºnftiger als #Ausgangssperre. Schlie√ülich ist Ziel nicht Einsperren von Menschen in ihrer Wohnung, sondern Unterbinden von Versammlungen. Eigentlich muss es #stayalone hei√üen, nicht #stayhome. Spazierg√§nge an der Luft sind erlaubt und sinnvoll. CL",neutral,trust,downplayed risk
1325790120851755015,"Ginge es nach der AfD, g√§be es in üá©üá™ kein #BioNTech mit √ñzlem T√ºreci &amp; Uƒüur ≈ûahin an der Spitze. Ginge es nach Kapitalismus- und Globalisierungskritikern, g√§be es keine Kooperation mit Pfizer. Aber das macht uns stark: Einwanderungsland, Marktwirtschaft &amp; offene Gesellschaft! üöÄ",positive,trust,relief
1264856565431107584,"#OneCountryTwoSystems muss weiterhin seine G√ºltigkeit haben. #Deutschland sollte Allianz mit #USA und #GB schmieden, um den Menschen, die in #HongKong f√ºr Freiheitsrechte k√§mpfen, den R√ºcken zu st√§rken. https://t.co/TZLe5T7zeG",neutral,anticipation,concern
1318153471137402881,"Was hat die Corona-Politik mit @Markus_Soeder gemacht, dass er die @fdp in die N√§he der #AfD r√ºckt, weil wir an der Beteiligung der Parlamente bei Eingriffen in Grundrechte festhalten und die Wirksamkeit von Ma√ünahmen begr√ºndet sehen wollen? CL",negative,surprise,question
1238924370879418369,Meine Corona-Quarant√§ne: Tag 1 - Wie es mir nach der Diagnose geht. #COVID19de https://t.co/Xw3gCe9uss,positive,anticipation,downplayed risk
1329037941306515456,"Die AfD h√§lt sich nicht an Abstandsregeln, nicht an die Gesch√§ftsordnung, ruft dazu auf B√ºros lahm zu legen und l√§sst Abgeordnete auf dem Weg ins Plenum bedr√§ngen. Sieht so Parlamentsbeteiligung aus?! ü§Ø Da fehlt jeder Respekt vor den Institutionen unsere Demokratie #Bundestag",negative,disgust,frustration
1321235300887240707,"Laut Medienberichten will Frau #Merkel u.a. die #Gastronomie komplett still legen. Das hielte ich f√ºr unn√∂tig und deshalb auch f√ºr verfassungswidrig. Mal sehen, was heute kommt. CL #COVID19 #Freiheit",negative,anticipation,concern
1237389338582769664,"Auf COVID-19 war Taiwan besser als alle anderen vorbereitet &amp; ging effektiv gegen die Ausbreitung vor. Folge: bei 23 Mio Einwohnern 47 F√§lle &amp; nur einen Todesfall. Taiwans Expertise muss nun dringend in die WHO integriert werden, damit wir COVID-19 effektiv bek√§mpfen k√∂nnen.",positive,trust,downplayed risk
1240589566450503680,"Gute Besserung Dir, lieber Cem. CL",positive,anticipation,relief
1242457063743160322,Die Regierung hat die Bedrohung durch das #Corona-Virus lange heruntergespielt. Die #AfD-Fraktion hat hingegen bereits fr√ºh gewarnt und ganz konkrete Ma√ünahmen eingefordert. Daf√ºr wurde sie von den etablierten Parteien verlacht... #CoronaPandemie #COVID19de https://t.co/z6eAbd7HTg,negative,disgust,frustration
1311210723528396801,Merkel macht Rechtsbruch zum politischen Prinzip! Die #GroKo gl√§nzt durch Totalversagen. Von Wirtschaft √ºber Klima und Justiz bis hin zu Fl√ºchtlingspolitik und #Corona-Wahn ‚Äì alles haben #Merkel und ihre Regierung in den Sand gesetzt. Meine Generalabrechnung seht Ihr im Video: https://t.co/CKTKcvgd4W,negative,anger,frustration
1298541966980980737,"#Berlin verbietet mehrere regierungskritische #Corona-Demonstrationen. H√§tte man so auch entschieden, wenn sich die Demos ""GEGEN RECHTS"" gerichtet h√§tten? Grundrechte werden inzwischen nur noch dem zugesprochen, der sich wohlwollend gegen√ºber der Regierungspolitik verh√§lt! #AfD https://t.co/l215gnvXUr",negative,disgust,frustration
1233698431224418304,"Kanzlerin #Merkel will in Zeiten der #COVID2019-Pandemie mit ‚ÄûMa√ü und Mitte‚Äú regieren. Wir alle wissen, was das bedeutet: die Bundesregierung hat beschlossen, einfach gar nicht mehr zu regieren. #CoronaVirusDE https://t.co/WnGqoij741",negative,disgust,frustration
1334445261507207170,Merkel hat zwei richtige Dinge gesagt: 1. Wir schaffen das. 2. Bitte bleiben Sie zu Hause. Leider hat sie 2015 mit 2020 verwechselt. #COVID19de,negative,disgust,frustration
1311904951296233473,.@realDonaldTrump ist positiv auf #Covid19 getestet worden und befindet sich in Quarant√§ne. Ich w√ºnsche dem US-Pr√§sidenten eine schnelle Genesung und Wiederaufnahme des Wahlkampfs. #Trump #corona #AfD,positive,anticipation,relief
1240298555157426182,"Wenn die Medien gerade berichten, dass keine Asylbewerber mehr nach Deutschland einreisen k√∂nnten, dann ist das nur die halbe Wahrheit. Denn wer an der Grenze ‚Äû#Asyl‚Äú sagt, der wird problemlos eingelassen. H√∂ren Sie in die heutige Bundespressekonferenz hinein. #COVID2019de #AfD https://t.co/mw3rFmSkzJ",negative,disgust,concern
1320492267367473154,"Nach d Sendung noch vor laufender Kamera live erwischt: #Laschet h√§lt 1,5 m Abstand ohne Maske nicht ein. Alles nur Spektakel! #AnneWill auch nicht. Die knebeln das ganze Volk mit Regeln, die sie selbst nicht einhalten wollen. #COVID19 https://t.co/GkIlEQUaLZ",negative,anger,frustration
1337341824885809153,"Wie zuverl√§ssig #Corona-Tests sind, beweist ein Abgeordneter der FP√ñ in diesem kurzen Mitschnitt. Er nutzte seine Redezeit im Parlament, um einen Schnelltest zu machen - an einem Glas #Cola. Das ""√ºberraschende"" Ergebnis sehen Sie im Video! #Lockdown #LockdownJetzt #AfD https://t.co/dNqvnA4Rxk",negative,anger,misinformation
1338068484853542913,"Dieser #Lockdown-Beschluss ist ein Offenbarungseid f√ºr die politisch Verantwortlichen und ein Desaster f√ºr B√ºrger und Wirtschaft. N√∂tig ist ein stringentes Schutzkonzept f√ºr gef√§hrdete Bev√∂lkerungsgruppen. Die Holzhammer-Methode ""Lockdown"" ist dagegen kontraproduktiv! #AfD https://t.co/j8pQSr0er6",negative,anger,frustration
1311922495553970177,Ich w√ºnsche Donald und Melania Trump alles Gute und viel Erfolg gegen das Virus! Die Schadenfreude der Linken ist unertr√§glich und zeigt nur einmal mehr deren wahren Charakter. #Trump #COVID19 #TrumpHasCovid,negative,disgust,frustration
1235187242878062592,‚ÄûWir haben es mit einer echten Krise zu tun. Die l√§sst sich nicht mit weltfremden Kanzlerinnen-Podcasts und Beschwichtigungen wegschw√§tzen!‚Äú #Corona #Bundestag #Spahn #Bundesregierung #Covid19 #Weidel https://t.co/NTMVhHLB0m,negative,anger,concern
1298551533995425793,Das Verbot der Berliner Corona-Demo am 29.8. ist ein Schlag ins Gesicht der Freiheit und des Rechtsstaats. Diese totalit√§re Ma√ünahme darf und wird keinen Bestand haben!#Freiheit #COVID19 #Corona,negative,anger,frustration
1264853481803964417,"Seit es das #Grundgesetz gibt, hatte #Deutschland keinen Regierungschef, der deutsche Interessen so schlecht vertritt und den Ausverkauf des deutschen Volksverm√∂gens und der Staatsfinanzen so schamlos betreibt, wie Angela #Merkel! #AfD #Corona #Covid19 https://t.co/qGKYUgqcSe",negative,disgust,frustration
1233475287704313857,"Die Kanzlerin ist weg.Sie konnte aus dem tiefsten Afrika die R√ºckg√§ngigmachung demokratischer Wahlen in Th√ºringen fordern.Doch wenn üá©üá™ vor einer Virus-Epidemie steht,ist sie vom Erdboden verschluckt #WoistMerkel? #Verantwortungsverweigerung #COVID2019 #coronavirus #CoronaVirusDE",negative,disgust,question
1242435241865871360,"Freie Verpflegung f√ºr alle Mitarbeiter in Krankenh√§usern, Kliniken, Alten-, Pflege- und Behinderteneinrichtungen: Bayern √ºbernimmt ab 1. April die Kosten f√ºr Essen und Getr√§nke w√§hrend der Corona-Krise. Herzlichen Dank f√ºr die Arbeit, die rund um die Uhr geleistet wird.",positive,joy,relief
1280066366981185542,"Die Maskenpflicht bleibt bestehen, da das Tragen von Masken eines der wenigen wirksamen Instrumente gegen die Ausbreitung von Corona ist. Wir setzen unseren Kurs von Vorsicht und Umsicht fort, um Risikogruppen zu sch√ºtzen. Corona ist noch nicht vorbei.",neutral,trust,downplayed risk
1337363040883322880,"Die heutigen Zahlen sind so hoch wie nie. Wir brauchen einen grundlegenden Lockdown so schnell wie m√∂glich. Jeder Tag z√§hlt. Warum z√∂gern, wenn wir wissen, dass es notwendig ist? Deshalb: Jetzt alles vorziehen und entschlossen handeln. Wir m√ºssen noch vor Weihnachten runterfahren",neutral,anticipation,concern
1335597613601730560,"Wir m√ºssen jetzt mehr tun und handeln. Die Zahlen sind zu hoch. Es droht die √úberlastung des Gesundheitssystems und die Todeszahlen steigen. Alle vier Minuten stirbt ein Mensch in Deutschland an Corona. Es ist ethisch nicht vertretbar, das einfach weiterlaufen zu lassen.",negative,fear,concern
1243594931928813568,"Adidas erzielte 2019 2 Mrd Euro Gewinn. Der Vorstand verdiente √ºber 22 Mio Euro. Da kann man erwarten, dass Gesetze nicht absichtlich falsch verstanden werden. Trotz Finanzst√§rke Miete nicht zu bezahlen, hat wenig mit Corona zu tun, sondern viel mit unsolidarischem Verhalten.",negative,disgust,frustration
1289813392459362304,"Wir m√ºssen damit rechnen, dass Corona mit voller Wucht wieder auf uns zukommt. Mir machen die steigenden Fallzahlen in Deutschland gro√üe Sorgen. Es ist absolute Wachsamkeit gefragt und deshalb ist jetzt nicht die Zeit f√ºr neue Lockerungen oder naive Unvorsichtigkeit. 1/2",negative,fear,concern
1266340508365963272,Hass und Hetze nehmen zu: @c_drosten und @Karl_Lauterbach sind nicht allein. Auch ich erhielt am 25.5. so einen Umschlag. Verschw√∂rungstheoretiker sch√ºren ein gef√§hrliches Klima. Das d√ºrfen wir nicht zulassen. Die Politik muss Haltung zeigen und die Stimme der Vernunft sein. https://t.co/ZMEGszUNnc,negative,fear,concern
1335892474359934976,"Die steigende Zahl der Todesf√§lle zeigt den Ernst der Lage. Wir sind nicht bereit, das so hinzunehmen. Das st√§ndige Kleinreden und Leugnen von Corona ist ein Problem. Die Grundphilosophie hei√üt jetzt: Daheim bleiben.",neutral,fear,concern
1330480129785663488,"Wir m√ºssen den Lockdown verl√§ngern. Die Zahlen sind leider weiter zu hoch. Wenn wir die Therapie zu fr√ºh abbrechen, riskieren wir einen schweren R√ºckfall. Dann geht alles von vorne los. Lieber jetzt einen l√§ngeren Lockdown als komplett √ºber Weihnachten.",neutral,fear,concern
1241017853739925510,#BMW stellt 100.000 Atemschutzmasken aus eigenen Best√§nden ab heute f√ºr #Bayern zur Verf√ºgung. Gro√üer Dank!,positive,surprise,relief
1306565111985864705,"So leid es tut: Aber es ist richtig, keine Fans in die Allianz Arena zu lassen. Die Infektionszahlen in M√ºnchen sind in den letzten Tagen wieder deutlich gestiegen. Wir unterst√ºtzen dabei OB Reiter: Es ist Vorsicht geboten. Wir d√ºrfen kein unn√∂tiges Risiko eingehen",neutral,trust,concern
1242053835306270720,Schutzmasken sind da: Mehr als 800.000 sind im bayerischen Zentrallager angekommen und werden umgehend an Krankenh√§user und andere Einrichtungen verteilt. Weitere Lieferungen durch den Bund und die Eigenproduktion im Freistaat werden folgen. https://t.co/u6Wa4NJpZu,positive,anticipation,relief
1340669169902247940,Sorge vor einem m√∂glich mutierten Corona-Virus aus England: Deutschland sollte die Einreise und Landung aus Gro√übritannien und S√ºdafrika vor√ºbergehend  aussetzen. Genauso handeln unsere europ√§ischen Partner auch. Sicherheit geht jetzt vor. #corona,neutral,trust,concern
1241762821647618053,"Corona ist die gr√∂√üte Herausforderung f√ºr Bayern seit dem 2.Weltkrieg. Die grundlegenden Ausgangsbeschr√§nkungen werden eingehalten. Danke! Es war notwendig zu handeln. Wir sind vorangegangen, viele L√§nder sind gefolgt. Alle sind einig, dass wir soziale Kontakte verringern m√ºssen. https://t.co/dKTmKcZ2AM",positive,trust,downplayed risk
1280432806225641474,"Heute Kabinett. Bayern bleibt vorsichtiger als andere. Denn Corona legt weltweit √ºberall weiter zu. Wir halten daher an der Maskenpflicht fest, erh√∂hen Testkapazit√§ten, verfolgen √∂rtliche Infektionen genau. Wir m√ºssen wirklich achtsam bleiben.",neutral,trust,concern
1334582689173790721,Cool wie ich ja jetzt als gew√§hlter Abgeordneter von den Medien erfahre welche Ma√ünahmen bei #Corona getroffen werden - aber dann k√∂nnen wir uns auch die Debatte im BT sparen und zu Hause bleiben - spart viel Geld  HalbesSmiley,negative,anger,concern
1248914224182636545,"Mitten in einer eigentlich feuchten Jahreszeit, erleben wir eine extreme Trockenheit und Waldbr√§nde in üá©üá™   Und wir reden nur √ºber #Corona und dar√ºber, die Klimaziele auszusetzen. Wie bescheuert muss man eigentlich sein?",negative,anger,frustration
1238050018025713664,"Na also - geht doch. Ich wette: Merkel verk√ºndet Corona-Ferien dann, wenn eine Gro√üzahl an Schulen und Kommunen diese Entscheidung selbst bereits getroffen haben. Wann bekommt Deutschland endlich wieder eine vern√ºnftige F√ºhrung? #freiundkonservativ https://t.co/IHsz41EHfI",negative,anger,frustration
1339297030435463172,Zus√§tzlich?? Spa√ü-Kanzlerin #Merkel   Gerade die Superreichen haben ihr Verm√∂gen im Corona Jahr deutlich vergr√∂√üert - aber klar die Zeche zahlen diejenigen die jetzt eh nicht so viel haben,negative,anger,frustration
1315965801606807554,"Jeden TAG sterben 15.000 Kinder t√§glich - nicht an #Corona, sondern #Hunger   Den k√∂nnten wir ohne Impfung mit nur 14 Mrd ‚Ç¨ besiegen  - dies k√∂nnten Milliard√§re aus der Portokasse bezahlen https://t.co/TrSTGETACM",negative,anger,frustration
1239623320196317184,Systemrelevant #Corona  ‚úÖ Krankenpfleger ‚úÖ Arzthelferin   ‚úÖ Verk√§ufer Lebensmittel  ... ‚õîÔ∏èBanker  ‚õîÔ∏èManagerin ‚õîÔ∏èTalkshowmoderator ... Mal dr√ºber nachdenken   ...  und erg√§nzen,negative,anger,frustration
1298949970108854274,"Gesicht zeigen, wird jetzt bestraft. Mancherorts sogar sch√§rfer als Schwarzfahren. Warum nochmal? Weil wir eine ernstere Situation als im M√§rz haben? Nein, weil die Kanzlerin die Angst der B√ºrger politisch braucht. https://t.co/zqMchmtUOL",negative,anger,frustration
1304686855598804993,Er hat nichts begriffen - versteht keine Zusammenh√§nge - ein im Kopf ganz alter alter Mensch,negative,disgust,frustration
1239662439878340613,Sch√§mt Ihr Euch f√ºr solche Fakenews nicht?! Einfach mal bei CureVac aufs Twitterkonto gehen!  https://t.co/SbS6WMowTz,negative,anger,frustration
1231309632347525125,"‚ÄûIch f√ºrchte mich nicht vor der R√ºckkehr der Faschisten in der Maske der Faschisten, sondern vor der R√ºckkehr der Faschisten in Maske der Demokraten‚Äú Theodor W. Adorno",negative,fear,concern
1241694130155200512,Ich warte die ganze Zeit auf den Markt und die unsichtbare Hand ...  er m√ºsste doch jetzt alles zum Wohle aller regeln ...  #Corona,negative,anger,humour or sarcasm
1270780847273185281,H√§tten sich diese Obdachlosen mal letztes Wochenende getroffen...  Ich fass es echt nicht mehr...  https://t.co/UmFLPcr15t,negative,anger,frustration
1312200273910145024,Ekelhaft und menschlich widerlich. Ich will sowas nicht bezahlen.,negative,anger,frustration
1295583184860655616,"Was soll diese unspezifische Panikmache? Ist verunsichern Kanzler-Aufgabe? Entweder gibt es dramatische Infektionszahlen oder nicht. Dann soll Spahn einen guten Vorschlag machen üòÄ. L√§nder wie Schweden sind offenbar √ºber dem Berg, hier grassiert Angst. https://t.co/3jp9HYMSX2",negative,anger,misinformation
1335951846771486729,Redeausschnitt Bundestag zu #Lufthansa #Corona #FeudalePlanwirtschaft https://t.co/tNpWOQcDaw,negative,anger,frustration