name,screen_name,followers,party,total_tweets_found,tweets_by_politician,ratio_own_tweets,total_german_tweets,german_tweets_by_politician,tweets_by_annotated_language,replies_by_politician,ratio_replies,total_likes,mean_likes,median_likes,total_retweets,mean_retweets,median_retweets
"Altmaier, Peter",peteraltmaier,288152,CDU,299,254,84.95,270,227,"{'de': 227, 'en': 16, 'it': 1, 'fr': 3, 'und': 5, 'nl': 2}",161,63.39,40985,161.35826771653544,24.5,3654,14.385826771653543,2.0
"Annen, Niels",NielsAnnen,13608,SPD,1011,761,75.27,629,456,"{'de': 456, 'es': 22, 'und': 95, 'en': 181, 'fr': 4, 'ru': 1, 'sv': 1, 'in': 1}",128,16.82,23388,30.733245729303547,13,4945,6.498028909329829,2
"Baerbock, Annalena",ABaerbock,105195,Bündnis 90/Die Grünen,355,296,83.38,311,267,"{'de': 267, 'en': 14, 'und': 10, 'es': 1, 'fr': 2, 'fi': 1, 'sv': 1}",130,43.92,147125,497.0439189189189,187.5,18580,62.770270270270274,15.0
"Bahr, Ulrike",MdB_Ulrike_Bahr,0,SPD,0,0,0,0,0,{},0,0,0,0,0,0,0,0
"Bär, Dorothee",DoroBaer,99421,CSU,1187,1027,86.52,900,763,"{'de': 763, 'et': 2, 'en': 62, 'und': 177, 'nl': 2, 'es': 2, 'fr': 4, 'sv': 2, 'tr': 2, 'cy': 1, 'tl': 2, 'ht': 1, 'in': 2, 'pt': 1, 'hu': 1, 'da': 2, 'is': 1}",789,76.83,46986,45.750730282375855,7,3326,3.2385589094449854,0
"Bareiß, Thomas",Thomas_Bareiss,13108,CDU,936,775,82.8,887,743,"{'de': 743, 'und': 13, 'en': 16, 'lt': 1, 'sv': 2}",302,38.97,18275,23.580645161290324,7,2919,3.766451612903226,0
"Bartke, Dr. Matthias",matthiasbartke,3577,SPD,54,51,94.44,53,50,"{'de': 50, 'und': 1}",14,27.45,552,10.823529411764707,3,73,1.4313725490196079,0
"Bartol, Sören",soerenbartol,4850,SPD,281,228,81.14,244,192,"{'und': 29, 'de': 192, 'en': 7}",135,59.21,6861,30.092105263157894,5.5,750,3.289473684210526,0.0
"Bartsch, Dr. Dietmar",DietmarBartsch,64874,Die Linke,1038,826,79.58,996,794,"{'de': 794, 'und': 20, 'en': 6, 'sv': 3, 'da': 1, 'no': 1, 'lt': 1}",217,26.27,167971,203.3547215496368,116.5,27494,33.285714285714285,17.0
"Bas, Bärbel",baerbelbas,5410,SPD,739,590,79.84,662,517,"{'de': 517, 'und': 58, 'en': 12, 'sv': 1, 'lt': 1, 'et': 1}",203,34.41,12707,21.53728813559322,10.0,1696,2.8745762711864407,0.0
"Beermann, Maik",MaikBeermann,2674,CDU,147,101,68.71,135,92,"{'de': 92, 'fr': 1, 'en': 4, 'nl': 1, 'tr': 2, 'und': 1}",17,16.83,986,9.762376237623762,3,103,1.0198019801980198,0
"Behrens, Manfred",Manfredbehrens,0,CDU,0,0,0,0,0,{},0,0,0,0,0,0,0,0
"Benning, Sybille",SybilleBenning,0,CDU,0,0,0,0,0,{},0,0,0,0,0,0,0,0
"Bilger, Steffen",SteffenBilger,5126,CDU,211,161,76.3,199,153,"{'de': 153, 'en': 4, 'und': 4}",43,26.71,3811,23.67080745341615,11,415,2.577639751552795,0
"Binding, Lothar",Lothar_Binding,6978,SPD,96,92,95.83,89,85,"{'de': 85, 'en': 3, 'und': 4}",50,54.35,1665,18.097826086956523,3.0,246,2.6739130434782608,0.0
"Birkwald, Matthias W.",MWBirkwald,4763,Die Linke,106,96,90.57,101,92,"{'de': 92, 'und': 4}",37,38.54,1169,12.177083333333334,4.0,306,3.1875,0.5
"Brantner, Dr. Franziska",fbrantner,9744,Bündnis 90/Die Grünen,985,840,85.28,722,633,"{'de': 633, 'und': 48, 'en': 124, 'fr': 15, 'es': 4, 'it': 7, 'in': 1, 'sv': 1, 'pt': 2, 'uk': 1, 'pl': 1, 'eu': 1, 'et': 1, 'ru': 1}",323,38.45,18686,22.245238095238093,8.0,4692,5.585714285714285,1.0
"Braun, Dr. Helge",HBraun,26055,CDU,86,78,90.7,82,74,"{'de': 74, 'und': 3, 'it': 1}",30,38.46,10792,138.35897435897436,33.0,2081,26.67948717948718,4.5
"Brehmer, Heike",HeikeBrehmerMdB,1553,CDU,46,43,93.48,46,43,{'de': 43},1,2.33,282,6.558139534883721,6,57,1.3255813953488371,1
"Brinkhaus, Ralph",rbrinkhaus,21296,CDU,141,140,99.29,140,139,"{'de': 139, 'fr': 1}",58,41.43,8261,59.00714285714286,28.5,1297,9.264285714285714,6.0
"Brugger, Agnieszka",agnieszka_mdb,11035,Bündnis 90/Die Grünen,438,378,86.3,409,357,"{'und': 8, 'de': 357, 'nl': 1, 'en': 11, 'pl': 1}",174,46.03,8603,22.75925925925926,6.0,913,2.4153439153439153,1.0
"Brunner, Dr. Karl-Heinz",BrunnerGanzOhr,1416,SPD,174,149,85.63,167,144,"{'de': 144, 'und': 1, 'da': 1, 'en': 3}",11,7.38,1032,6.926174496644295,4,195,1.308724832214765,1
"Buchholz, Christine",ch_buchholz,8826,Die Linke,254,238,93.7,250,235,"{'de': 235, 'en': 1, 'und': 1, 'fr': 1}",1,0.42,6602,27.73949579831933,15.0,1845,7.7521008403361344,4.0
"Bülow, Marco",marcobuelow,25504,Fraktionslos,1828,1651,90.32,1751,1580,"{'en': 12, 'de': 1580, 'pl': 1, 'und': 47, 'tl': 2, 'nl': 3, 'it': 1, 'fr': 2, 'in': 1, 'cs': 1, 'cy': 1}",896,54.27,149291,90.42459115687463,24,28204,17.08298001211387,3
"Castellucci, Prof. Dr. Lars",larscastellucci,5553,SPD,424,383,90.33,381,346,"{'de': 346, 'en': 9, 'und': 19, 'es': 2, 'it': 3, 'tl': 1, 'et': 1, 'no': 1, 'eu': 1}",168,43.86,10928,28.532637075718014,7,1757,4.587467362924282,1
"Dagdelen, Sevim",SevimDagdelen,34183,Die Linke,416,369,88.7,366,332,"{'de': 332, 'und': 13, 'el': 2, 'en': 15, 'fr': 4, 'es': 1, 'no': 1, 'th': 1}",95,25.75,31563,85.53658536585365,62,10969,29.726287262872628,21
"De Ridder, Dr. Daniela",DeRidder_MdB,0,SPD,0,0,0,0,0,{},0,0,0,0,0,0,0,0
"Dehm, Dr. Diether",Diether_Dehm,6755,Die Linke,240,226,94.17,232,220,"{'de': 220, 'en': 3, 'und': 2, 'no': 1}",11,4.87,13807,61.0929203539823,39.0,7458,33,27.0
"Deligöz, Ekin",ekindeligoez,8227,Bündnis 90/Die Grünen,747,599,80.19,706,564,"{'de': 564, 'und': 17, 'es': 1, 'et': 1, 'no': 1, 'en': 14, 'tr': 1}",113,18.86,7771,12.973288814691152,5,1215,2.028380634390651,0
"Diaby, Dr. Karamba",KarambaDiaby,50702,SPD,121,115,95.04,117,112,"{'de': 112, 'en': 2, 'tr': 1}",25,21.74,245976,2138.9217391304346,421,27240,236.8695652173913,25
"Dittmar, Sabine",dittmarsabine,1181,SPD,31,27,87.1,29,25,"{'de': 25, 'und': 2}",5,18.52,255,9.444444444444445,5,47,1.7407407407407407,1
"Dörner, Katja",katjadoerner,14426,Bündnis 90/Die Grünen,993,804,80.97,924,745,"{'de': 745, 'und': 42, 'en': 14, 'no': 1, 'ht': 1, 'pt': 1}",118,14.68,39353,48.94651741293532,16.0,4065,5.0559701492537314,1.0
"Dröge, Katharina",katdro,6158,Bündnis 90/Die Grünen,470,385,81.91,435,358,"{'de': 358, 'und': 15, 'en': 10, 'fr': 2}",133,34.55,9767,25.368831168831168,8,1309,3.4,0
"Durz, Hansjörg",Hansjoerg_Durz,732,CSU,9,8,88.89,9,8,{'de': 8},5,62.5,30,3.75,2.5,6,0.75,0.0
"Ebner, Harald",ebner_sha,4928,Bündnis 90/Die Grünen,201,168,83.58,192,161,"{'de': 161, 'und': 6, 'en': 1}",81,48.21,1060,6.309523809523809,2.0,243,1.4464285714285714,0.0
"Ernst, Klaus",ernst_klaus,5912,Die Linke,140,115,82.14,139,115,{'de': 115},14,12.17,3918,34.06956521739131,11,1006,8.747826086956522,3
"Esken, Saskia",EskenSaskia,81368,SPD,3813,3639,95.44,3548,3384,"{'de': 3384, 'und': 169, 'pt': 1, 'en': 58, 'es': 3, 'nl': 3, 'da': 1, 'in': 1, 'pl': 2, 'cy': 1, 'fr': 5, 'lt': 1, 'tl': 2, 'it': 1, 'sv': 2, 'no': 2, 'tr': 1, 'sl': 1, 'et': 1}",3119,85.71,646229,177.584226435834,14,52146,14.329760923330586,0
"Feiler, Uwe",UweFe,0,CDU,0,0,0,0,0,{},0,0,0,0,0,0,0,0
"Felgentreu, Dr. Fritz",fritzfelgentreu,7405,SPD,3004,2526,84.09,2253,1950,"{'de': 1950, 'und': 209, 'en': 251, 'in': 8, 'nl': 7, 'ru': 11, 'ro': 4, 'fr': 16, 'pt': 8, 'et': 4, 'pl': 1, 'ht': 2, 'it': 11, 'tl': 5, 'ca': 9, 'no': 6, 'cs': 3, 'sv': 3, 'da': 5, 'es': 6, 'lt': 1, 'tr': 2, 'el': 2, 'hu': 1, 'eu': 1}",1753,69.4,57348,22.70308788598575,5.0,5327,2.108867775138559,0.0
"Fischer, Axel",Axel_Fischer,801,CDU,91,91,100.0,81,81,"{'de': 81, 'eu': 1, 'no': 3, 'und': 6}",0,0.0,25,0.27472527472527475,0,3,0.03296703296703297,0
"Franke, Dr. Edgar",FrankeEdgar,2369,SPD,26,25,96.15,25,24,"{'de': 24, 'und': 1}",3,12.0,102,4.08,3,18,0.72,0
"Freese, Ulrich",UliFreese,741,SPD,30,28,93.33,30,28,{'de': 28},1,3.57,124,4.428571428571429,3.0,18,0.6428571428571429,0.0
"Frieser, Michael",MichaelFrieser,934,CSU,20,19,95.0,20,19,{'de': 19},4,21.05,215,11.31578947368421,5,31,1.631578947368421,1
"Fuchtel, Hans-Joachim",fuchtel,0,CDU,0,0,0,0,0,{},0,0,0,0,0,0,0,0
"Gastel, Matthias",MatthiasGastel,6426,Bündnis 90/Die Grünen,450,418,92.89,445,413,"{'de': 413, 'und': 4, 'sv': 1}",169,40.43,9912,23.71291866028708,10.0,2017,4.8253588516746415,1.0
"Gebhart, Dr. Thomas",thomasgebhart,2794,CDU,81,76,93.83,77,72,"{'und': 4, 'de': 72}",10,13.16,614,8.078947368421053,2.5,113,1.486842105263158,0.0
"Gehring, Kai",KaiGehring,9700,Bündnis 90/Die Grünen,1632,1382,84.68,1542,1319,"{'de': 1319, 'nl': 1, 'und': 49, 'pt': 1, 'es': 1, 'en': 7, 'pl': 1, 'tr': 1, 'fi': 1, 'fr': 1}",353,25.54,29599,21.417510853835022,10.0,4484,3.244573082489146,1.0
"Gerdes, Michael",GerdesMdB,0,SPD,0,0,0,0,0,{},0,0,0,0,0,0,0,0
"Gohlke, Nicole",NicoleGohlke,7669,Die Linke,785,751,95.67,772,740,"{'de': 740, 'sv': 2, 'und': 5, 'en': 3, 'no': 1}",48,6.39,14538,19.358189081225035,9,4006,5.33422103861518,3
"Göring-Eckardt, Katrin",GoeringEckardt,173810,Bündnis 90/Die Grünen,939,792,84.35,859,722,"{'und': 46, 'de': 722, 'en': 14, 'pt': 2, 'fr': 1, 'fi': 1, 'uk': 1, 'lt': 1, 'sv': 2, 'ro': 1, 'da': 1}",360,45.45,146722,185.2550505050505,47.0,23622,29.825757575757574,5.0
"Glöckner, Angelika",A_Gloeckner,1043,SPD,203,133,65.52,179,110,"{'de': 110, 'und': 21, 'en': 2}",15,11.28,701,5.2706766917293235,2,68,0.5112781954887218,0
"Griese, Kerstin",KerstinGriese,6700,SPD,664,542,81.63,516,409,"{'de': 409, 'und': 101, 'en': 20, 'sv': 5, 'it': 1, 'nl': 2, 'ro': 1, 'lv': 1, 'no': 2}",316,58.3,5331,9.835793357933579,3.0,608,1.121771217712177,0.0
"Gröhe, Hermann",groehe,49914,CDU,574,453,78.92,413,341,"{'de': 341, 'en': 102, 'und': 8, 'nl': 1, 'sv': 1}",70,15.45,11103,24.509933774834437,8,1675,3.69757174392936,1
"Groß, Michael ",michaelgrossmdb,0,SPD,0,0,0,0,0,{},0,0,0,0,0,0,0,0
"Grosse-Brömer, Michael",MGrosseBroemer,16025,CDU,907,784,86.44,860,746,"{'de': 746, 'en': 15, 'da': 3, 'und': 13, 'eu': 2, 'sv': 1, 'fi': 1, 'es': 2, 'nl': 1}",558,71.17,21066,26.869897959183675,5.0,2187,2.7895408163265305,0.0
"Grötsch, Uli",UliGroetsch,3315,SPD,327,326,99.69,310,309,"{'de': 309, 'en': 7, 'und': 7, 'pt': 1, 'nl': 1, 'fi': 1}",125,38.34,12275,37.65337423312884,14.0,1770,5.429447852760736,1.0
"Grübel, Markus",GruebelMdb,764,CDU,44,41,93.18,38,35,"{'de': 35, 'en': 5, 'und': 1}",9,21.95,425,10.365853658536585,8,85,2.073170731707317,1
"Güntzler, Fritz",FGuentzler,386,CDU,2,2,100.0,2,2,{'de': 2},0,0.0,25,12.5,12.5,0,0,0.0
"Gutting, Olav",olavgutting,2982,CDU,226,220,97.35,214,210,"{'de': 210, 'en': 6, 'und': 4}",60,27.27,2954,13.427272727272728,4.0,372,1.690909090909091,0.0
"Gysi, Dr. Gregor",GregorGysi,393004,Die Linke,100,90,90.0,100,90,{'de': 90},10,11.11,104277,1158.6333333333334,603.5,14792,164.35555555555555,71.5
"Hahn, Florian",hahnflo,6134,CSU,920,636,69.13,872,597,"{'de': 597, 'et': 1, 'en': 13, 'cs': 1, 'fr': 1, 'und': 16, 'da': 1, 'nl': 1, 'in': 1, 'sv': 1, 'eu': 2, 'no': 1}",113,17.77,93129,146.42924528301887,57.0,14976,23.547169811320753,8.0
"Hajduk, Anja",HajdukBundestag,1856,Bündnis 90/Die Grünen,38,23,60.53,38,23,{'de': 23},3,13.04,165,7.173913043478261,3,43,1.8695652173913044,1
"Hakverdi, Metin",MetinHakverdi,4027,SPD,507,417,82.25,362,310,"{'de': 310, 'en': 81, 'und': 15, 'fr': 4, 'nl': 2, 'sv': 1, 'es': 1, 'et': 1, 'tl': 1, 'lv': 1}",135,32.37,3039,7.287769784172662,3,230,0.5515587529976019,0
"Hänsel, Heike",HeikeHaensel,7891,Die Linke,351,293,83.48,305,278,"{'de': 278, 'en': 3, 'und': 5, 'cy': 1, 'es': 4, 'in': 2}",59,20.14,11024,37.62457337883959,23,5361,18.296928327645052,9
"Hardt, Jürgen",juergenhardt,5587,CDU,324,268,82.72,253,216,"{'de': 216, 'und': 2, 'en': 48, 'fr': 1, 'iw': 1}",18,6.72,5041,18.809701492537314,8.0,1654,6.1716417910447765,1.0
"Hartmann, Sebastian",sebast_hartmann,6945,SPD,345,266,77.1,308,237,"{'de': 237, 'und': 15, 'en': 4, 'ht': 1, 'nl': 1, 'ru': 2, 'tr': 1, 'da': 2, 'sv': 1, 'fr': 1, 'eu': 1}",83,31.2,5051,18.98872180451128,7.0,541,2.0338345864661656,0.0
"Haßelmann, Britta",BriHasselmann,20213,Bündnis 90/Die Grünen,1167,980,83.98,1148,970,"{'de': 970, 'und': 9, 'en': 1}",122,12.45,90483,92.32959183673469,41.5,13343,13.61530612244898,4.0
"Hauer, Matthias",MatthiasHauer,9313,CDU,5633,5081,90.2,4920,4404,"{'de': 4404, 'und': 503, 'sv': 24, 'pt': 20, 'nl': 27, 'lt': 3, 'en': 58, 'eu': 3, 'fr': 10, 'tr': 4, 'in': 3, 'no': 5, 'pl': 1, 'es': 4, 'tl': 3, 'da': 3, 'et': 2, 'hu': 2, 'lv': 2}",3588,70.62,193182,38.02046841172997,4,19741,3.8852588073213936,0
"Hauptmann, Mark",MarkHauptmann,3375,CDU,265,156,58.87,225,137,"{'de': 137, 'en': 19}",5,3.21,8823,56.55769230769231,10.0,1681,10.775641025641026,2.0
"Heider, Dr. Matthias",MatthiasHeider,0,CDU,0,0,0,0,0,{},0,0,0,0,0,0,0,0
"Heil, Hubertus",hubertus_heil,83566,SPD,267,265,99.25,241,239,"{'de': 239, 'und': 19, 'en': 3, 'sv': 2, 'da': 1, 'lv': 1}",77,29.06,57036,215.2301886792453,76,6371,24.041509433962265,10
"Heil, Mechthild",MechthildHeil,3264,CDU,29,25,86.21,29,25,{'de': 25},6,24.0,180,7.2,3,22,0.88,0
"Heinrich, Frank",FrankHeinrich,1920,CDU,9,9,100.0,9,9,{'de': 9},0,0.0,11,1.2222222222222223,1,4,0.4444444444444444,0
"Heinrich, Gabriela",GaHeinrich,938,SPD,1,1,100.0,1,1,{'de': 1},0,0.0,5,5,5,0,0,0
"Held, Marcus",MarcusHeld_SPD,0,SPD,0,0,0,0,0,{},0,0,0,0,0,0,0,0
"Hellmich, Wolfgang",HellmichMdB,2174,SPD,129,82,63.57,122,78,"{'fr': 1, 'de': 78, 'und': 3}",19,23.17,971,11.841463414634147,5.0,83,1.0121951219512195,0.0
"Herzog, Gustav",GustavHerzogMdB,0,SPD,0,0,0,0,0,{},0,0,0,0,0,0,0,0
"Hirte, Christian",ChristianHirte,6623,CDU,474,300,63.29,430,261,"{'en': 9, 'de': 261, 'und': 27, 'nl': 1, 'it': 1, 'no': 1}",16,5.33,14170,47.233333333333334,9.0,2250,7.5,1.0
"Hirte, Prof. Dr. Heribert",HHirte,6104,CDU,1572,1274,81.04,1494,1220,"{'de': 1220, 'und': 22, 'en': 21, 'es': 1, 'it': 2, 'et': 1, 'fr': 4, 'ca': 1, 'nl': 1, 'da': 1}",850,66.72,9889,7.762166405023548,2.0,1488,1.1679748822605966,0.0
"Hitschler, Thomas",ThomasHitschler,4548,SPD,1115,1014,90.94,1009,915,"{'de': 915, 'da': 3, 'en': 18, 'und': 58, 'fr': 2, 'sv': 5, 'in': 2, 'nl': 3, 'ru': 1, 'hu': 1, 'lt': 3, 'lv': 1, 'pl': 1, 'es': 1}",666,65.68,11327,11.17061143984221,3.0,763,0.752465483234714,0.0
"Hofreiter, Dr. Anton",ToniHofreiter,0,Bündnis 90/Die Grünen,0,0,0,0,0,{},0,0,0,0,0,0,0,0
"Hunko, Andrej",AndrejHunko,9254,Die Linke,976,883,90.47,906,848,"{'de': 848, 'und': 15, 'en': 19, 'ru': 1}",257,29.11,15429,17.473386183465458,7,8277,9.373725934314836,3
"Janecek, Dieter",DJanecek,11490,Bündnis 90/Die Grünen,2597,2262,87.1,2318,2006,"{'de': 2006, 'en': 87, 'und': 126, 'cy': 2, 'pt': 5, 'lt': 9, 'sv': 9, 'sl': 1, 'fr': 3, 'no': 1, 'nl': 3, 'da': 2, 'in': 1, 'et': 2, 'eu': 1, 'is': 1, 'es': 1, 'tr': 2}",1308,57.82,36718,16.232537577365164,4.0,5865,2.592838196286472,0.0
"Jarzombek, Thomas",tj_tweets,15784,CDU,449,421,93.76,409,387,"{'de': 387, 'und': 8, 'en': 24, 'sv': 1, 'fr': 1}",202,47.98,15689,37.26603325415677,4,2086,4.954869358669834,0
"Jelpke, Ulla",UllaJelpke,13447,Die Linke,269,246,91.45,265,243,"{'de': 243, 'fr': 1, 'und': 2}",32,13.01,5200,21.13821138211382,13.0,1826,7.4227642276422765,4.0
"Jurk, Thomas",thomas_jurk,0,SPD,0,0,0,0,0,{},0,0,0,0,0,0,0,0
"Kaczmarek, Oliver",KaczmarekOliver,3421,SPD,197,149,75.63,193,147,"{'de': 147, 'en': 2}",64,42.95,2040,13.691275167785236,6,276,1.8523489932885906,0
"Karliczek, Anja",AnjaKarliczek,11498,CDU,5,3,60.0,5,3,{'de': 3},0,0.0,73,24.333333333333332,14,10,3.3333333333333335,4
"Kaufmann, Dr. Stefan",StefanKaufmann,6204,CDU,686,633,92.27,655,611,"{'de': 611, 'nl': 6, 'und': 5, 'en': 8, 'no': 1, 'es': 1, 'fr': 1}",182,28.75,8356,13.200631911532385,8,857,1.353870458135861,0
"Kekeritz, Uwe",UweKekeritz,3044,Bündnis 90/Die Grünen,282,229,81.21,266,220,"{'de': 220, 'und': 5, 'es': 2, 'en': 2}",26,11.35,1186,5.179039301310044,3,306,1.3362445414847162,0
"Kemmer, Ronja",RonjaKemmer,2870,CDU,29,21,72.41,26,19,"{'de': 19, 'en': 1, 'und': 1}",6,28.57,265,12.619047619047619,7,24,1.1428571428571428,0
"Kiesewetter, Roderich",RKiesewetter,10867,CDU,645,615,95.35,575,550,"{'de': 550, 'und': 20, 'en': 39, 'fr': 1, 'lt': 1, 'ht': 1, 'et': 1, 'lv': 1, 'sv': 1}",410,66.67,9315,15.146341463414634,4,1581,2.5707317073170732,0
"Kindler, Sven-Christian",sven_kindler,16098,Bündnis 90/Die Grünen,1860,1652,88.82,1678,1505,"{'de': 1505, 'und': 68, 'en': 48, 'pt': 9, 'pl': 1, 'nl': 4, 'lt': 2, 'es': 3, 'fr': 6, 'eu': 2, 'no': 1, 'da': 1, 'ca': 1, 'et': 1}",854,51.69,122563,74.19067796610169,15.0,21467,12.99455205811138,1.0
"Kipping, Katja",katjakipping,119365,Die Linke,1071,915,85.43,1035,888,"{'de': 888, 'en': 2, 'und': 21, 'tr': 2, 'in': 1, 'da': 1}",256,27.98,153362,167.6087431693989,60,24449,26.720218579234974,9
"Kiziltepe, Cansel",CanselK,7145,SPD,836,633,75.72,777,586,"{'de': 586, 'und': 34, 'en': 6, 'in': 1, 'tr': 2, 'sl': 1, 'no': 1, 'it': 1, 'da': 1}",234,36.97,14087,22.25434439178515,10,2276,3.595576619273302,1
"Klare, Arno",arnoklare,1178,SPD,49,48,97.96,48,47,"{'de': 47, 'und': 1}",2,4.17,208,4.333333333333333,2.0,39,0.8125,0.0
"Klein, Volkmar",VolkmarKlein,1683,CDU,4,3,75.0,3,3,{'de': 3},0,0.0,11,3.6666666666666665,5,1,0.3333333333333333,0
"Klein-Schmeink, Maria",MariaKlSchmeink,5926,Bündnis 90/Die Grünen,1914,1484,77.53,1873,1447,"{'de': 1447, 'ht': 1, 'und': 23, 'fr': 2, 'it': 1, 'no': 5, 'en': 3, 'lt': 2}",678,45.69,18626,12.55121293800539,5.0,3454,2.3274932614555257,0.0
"Klingbeil, Lars",larsklingbeil,75063,SPD,826,660,79.9,710,567,"{'de': 567, 'und': 59, 'en': 19, 'in': 2, 'eu': 1, 'fr': 1, 'es': 2, 'nl': 2, 'lt': 2, 'no': 1, 'sv': 1, 'tl': 2, 'tr': 1}",290,43.94,345243,523.0954545454546,118.5,24009,36.377272727272725,4.0
"Koeppen, Jens",JensKoeppen,3484,CDU,58,54,93.1,56,52,"{'de': 52, 'und': 2}",6,11.11,431,7.981481481481482,1.0,107,1.9814814814814814,0.5
"Kofler, Dr. Bärbel",BaerbelKofler,6905,SPD,284,272,95.77,184,177,"{'de': 177, 'en': 86, 'es': 2, 'fr': 1, 'und': 6}",39,14.34,6271,23.05514705882353,10.0,2599,9.555147058823529,4.0
"Kolbe, Daniela",danielakolbe,8140,SPD,766,734,95.82,745,713,"{'de': 713, 'und': 15, 'en': 3, 'sv': 1, 'nl': 1, 'lt': 1}",545,74.25,29766,40.55313351498638,2.0,3375,4.598092643051771,0.0
"Koob, Markus",KoobMar,0,CDU,0,0,0,0,0,{},0,0,0,0,0,0,0,0
"Korte, Jan",jankortemdb,25646,Die Linke,479,411,85.8,467,401,"{'de': 401, 'und': 7, 'en': 3}",63,15.33,76573,186.30900243309003,85,12730,30.97323600973236,14
"Kotting-Uhl, Sylvia",KottingUhl,5381,Bündnis 90/Die Grünen,27,25,92.59,26,25,{'de': 25},1,4.0,376,15.04,8,128,5.12,1
"Kramme, Anette",AnetteKramme,1061,SPD,1,1,100.0,1,1,{'de': 1},1,100.0,1,1,1,0,0,0
"Krellmann, Jutta",JuttaKrellmann,2995,Die Linke,77,55,71.43,76,55,{'de': 55},13,23.64,345,6.2727272727272725,3,137,2.4909090909090907,1
"Krings, Dr. Günter",guenterkrings,0,CDU,0,0,0,0,0,{},0,0,0,0,0,0,0,0
"Krischer, Oliver",Oliver_Krischer,13452,Bündnis 90/Die Grünen,351,297,84.62,347,295,"{'de': 295, 'und': 1, 'en': 1}",34,11.45,68020,229.02356902356902,133,18476,62.20875420875421,33
"Kruse, Rüdiger",RuedigerKruse,2540,CDU,59,58,98.31,58,57,"{'de': 57, 'en': 1}",6,10.34,367,6.327586206896552,4.0,30,0.5172413793103449,0.0
"Kühn, Christian",ChrisKuehn_mdb,3221,Bündnis 90/Die Grünen,424,328,77.36,409,317,"{'de': 317, 'und': 3, 'fi': 1, 'en': 5, 'es': 1, 'nl': 1}",48,14.63,3215,9.801829268292684,6.0,764,2.3292682926829267,2.0
"Kühn, Stephan",stephankuehn,7237,Bündnis 90/Die Grünen,402,342,85.07,382,326,"{'de': 326, 'und': 15, 'no': 1}",163,47.66,24999,73.09649122807018,10.0,4732,13.836257309941521,1.0
"Kühne, Dr. Roy",Dr_Roy_Kuehne,1975,CDU,68,65,95.59,66,63,"{'de': 63, 'und': 1, 'da': 1}",6,9.23,301,4.630769230769231,3,57,0.8769230769230769,0
"Künast, Renate",RenateKuenast,65642,Bündnis 90/Die Grünen,5976,4796,80.25,5039,4028,"{'de': 4028, 'en': 207, 'und': 479, 'fr': 13, 'sv': 5, 'da': 5, 'nl': 11, 'tl': 4, 'cy': 1, 'fi': 2, 'in': 10, 'tr': 1, 'pt': 7, 'et': 4, 'is': 1, 'eu': 3, 'hu': 3, 'ca': 3, 'ro': 1, 'es': 3, 'no': 2, 'ht': 2, 'lt': 1}",2536,52.88,298928,62.32860717264387,15.0,32380,6.751459549624688,1.0
"Kurth, Markus",markuskurthmdb,3551,Bündnis 90/Die Grünen,92,82,89.13,92,82,{'de': 82},13,15.85,374,4.560975609756097,2.0,100,1.2195121951219512,0.0
"Lange, Christian",LangeMdB,5018,SPD,286,261,91.26,259,236,"{'de': 236, 'und': 15, 'en': 8, 'fr': 1, 'in': 1}",24,9.2,2285,8.754789272030651,6,192,0.735632183908046,0
"Lange, Ulrich",UlrichLange,0,CSU,0,0,0,0,0,{},0,0,0,0,0,0,0,0
"Launert, Dr. Silke",DrLaunert,0,CSU,0,0,0,0,0,{},0,0,0,0,0,0,0,0
"Lauterbach, Dr. Karl",Karl_Lauterbach,327235,SPD,3359,2696,80.26,3131,2660,"{'de': 2660, 'und': 12, 'en': 22, 'da': 1, 'fr': 1}",704,26.11,4140181,1535.6754451038576,891.5,525695,194.99072700296736,100.0
"Lay, Caren",CarenLay,9766,Die Linke,811,701,86.44,783,680,"{'de': 680, 'lt': 1, 'und': 10, 'en': 4, 'pt': 1, 'fr': 1, 'fi': 2, 'da': 1, 'cy': 1}",211,30.1,26029,37.13124108416548,16,6516,9.295292439372325,4
"Lazar, Monika",monikalazar,6127,Bündnis 90/Die Grünen,375,332,88.53,370,329,"{'de': 329, 'et': 1, 'und': 2}",233,70.18,4617,13.906626506024097,4.0,431,1.2981927710843373,0.0
"Leidig, Sabine",SabineLeidig,8450,Die Linke,337,301,89.32,323,288,"{'de': 288, 'und': 10, 'en': 3}",55,18.27,47028,156.2392026578073,11,13368,44.411960132890364,3
"Leikert, Dr. Katja",KLeikert,4885,CDU,749,619,82.64,673,563,"{'de': 563, 'und': 26, 'en': 24, 'fr': 2, 'ht': 1, 'lt': 1, 'fi': 1, 'tr': 1}",156,25.2,13850,22.37479806138934,10,2090,3.3764135702746363,1
"Lemke, Steffi",SteffiLemke,14687,Bündnis 90/Die Grünen,291,249,85.57,269,228,"{'de': 228, 'und': 18, 'en': 1, 'lt': 1, 'is': 1}",124,49.8,4329,17.3855421686747,6,748,3.004016064257028,0
"Lenz, Dr. Andreas",DerLenzMdB,10068,CSU,782,664,84.91,726,629,"{'de': 629, 'pt': 1, 'en': 13, 'fi': 1, 'sv': 1, 'lv': 1, 'und': 13, 'nl': 2, 'tl': 1, 'fr': 1, 'et': 1}",205,30.87,9719,14.637048192771084,5.0,930,1.4006024096385543,0.0
"Leutert, Michael",MichaelLeutert,3934,Die Linke,11,10,90.91,11,10,{'de': 10},2,20.0,66,6.6,6.5,24,2.4,1.5
"Liebich, Stefan",berlinliebich,24798,Die Linke,2347,2153,91.73,1858,1708,"{'de': 1708, 'en': 125, 'und': 260, 'es': 5, 'nl': 5, 'tr': 5, 'eu': 2, 'tl': 4, 'lt': 6, 'it': 2, 'cy': 3, 'da': 4, 'sv': 4, 'et': 1, 'hi': 1, 'no': 4, 'fr': 6, 'ht': 2, 'pl': 1, 'ru': 2, 'is': 1, 'lv': 1, 'in': 1}",1126,52.3,146076,67.84765443567116,12,20695,9.61216906641895,1
"Lindholz, Andrea",AndreaLindholz,0,CSU,0,0,0,0,0,{},0,0,0,0,0,0,0,0
"Lindner, Dr. Tobias",tobiaslindner,6211,Bündnis 90/Die Grünen,298,253,84.9,272,235,"{'de': 235, 'en': 8, 'fr': 4, 'und': 4, 'tl': 1, 'cy': 1}",126,49.8,4328,17.106719367588934,6,368,1.4545454545454546,0
"Lötzsch, Dr. Gesine",LoetzschMdB,6243,Die Linke,394,318,80.71,385,310,"{'de': 310, 'und': 5, 'es': 1, 'en': 1, 'nl': 1}",19,5.97,8123,25.544025157232703,9.0,2102,6.610062893081761,3.0
"Luczak, Dr. Jan-Marco",JM_Luczak,5131,CDU,1030,882,85.63,994,853,"{'de': 853, 'en': 9, 'und': 16, 'et': 1, 'fr': 1, 'sv': 1, 'es': 1}",252,28.57,47404,53.74603174603175,20.0,7551,8.561224489795919,2.0
"Lutze, Thomas",thlutze,0,Die Linke,0,0,0,0,0,{},0,0,0,0,0,0,0,0
"Magwas, Yvonne",YvonneMagwas,4013,CDU,8,6,75.0,8,6,{'de': 6},4,66.67,29,4.833333333333333,4.5,2,0.3333333333333333,0.0
"Manderla, Gisela",ManderlaGisela,1604,CDU,144,132,91.67,128,117,"{'de': 117, 'und': 14, 'en': 1}",4,3.03,157,1.1893939393939394,0.0,32,0.24242424242424243,0.0
"Mattfeldt, Andreas",AMattfeldt,0,CDU,0,0,0,0,0,{},0,0,0,0,0,0,0,0
"Mattheis, Hilde",HildeMattheis,13286,SPD,416,386,92.79,409,380,"{'de': 380, 'en': 1, 'und': 5}",69,17.88,37921,98.24093264248705,42.0,7029,18.20984455958549,7.0
"Meister, Dr. Michael",meister_schafft,3498,CDU,368,241,65.49,365,239,"{'de': 239, 'en': 1, 'und': 1}",49,20.33,565,2.3443983402489628,1,54,0.22406639004149378,0
"Metzler, Jan",JanMetzler,0,CDU,0,0,0,0,0,{},0,0,0,0,0,0,0,0
"Michelbach, Dr. Hans",hans_michelbach,807,CSU,9,9,100.0,8,8,"{'de': 8, 'und': 1}",2,22.22,41,4.555555555555555,3,12,1.3333333333333333,1
"Mihalic, Irene",IreneMihalic,7231,Bündnis 90/Die Grünen,410,372,90.73,402,364,"{'de': 364, 'fr': 2, 'und': 4, 'en': 1, 'es': 1}",227,61.02,17279,46.44892473118279,5.5,3798,10.209677419354838,0.0
"Mindrup, Klaus",KlausMindrup,1609,SPD,298,270,90.6,287,260,"{'de': 260, 'fr': 1, 'und': 8, 'en': 1}",72,26.67,2641,9.781481481481482,5.0,575,2.1296296296296298,1.0
"Möhring, Cornelia",Conni_Moehring,4557,Die Linke,654,527,80.58,612,493,"{'de': 493, 'en': 7, 'da': 1, 'und': 22, 'tr': 1, 'nl': 1, 'fi': 1, 'pl': 1}",187,35.48,10349,19.637571157495255,6,2578,4.891840607210626,1
"Möring, Karsten",KarstenMoering,1869,CDU,11,9,81.82,11,9,{'de': 9},4,44.44,9,1,1,1,0.1111111111111111,0
"Movassat, Niema",NiemaMovassat,20797,Die Linke,5085,4678,92.0,4784,4402,"{'de': 4402, 'nl': 14, 'en': 75, 'und': 128, 'tr': 1, 'no': 8, 'fr': 14, 'sv': 2, 'in': 10, 'it': 1, 'tl': 7, 'da': 3, 'fi': 2, 'ht': 1, 'es': 2, 'lv': 1, 'lt': 2, 'hu': 1, 'fa': 1, 'et': 3}",2897,61.93,413155,88.31872595126123,13.0,66245,14.160966224882428,0.0
"Müller, Bettina",BetMueller,2863,SPD,180,179,99.44,172,171,"{'de': 171, 'und': 8}",6,3.35,1069,5.972067039106145,2,224,1.2513966480446927,0
"Müller, Carsten",CarstenMuellers,0,CDU,0,0,0,0,0,{},0,0,0,0,0,0,0,0
"Müller, Stefan",smuellermdb,8341,CSU,307,258,84.04,286,239,"{'de': 239, 'und': 11, 'en': 7, 'et': 1}",64,24.81,92284,357.68992248062017,51.5,15714,60.906976744186046,6.0
"Müller-Gemmeke, Beate",GrueneBeate,5348,Bündnis 90/Die Grünen,204,164,80.39,202,162,"{'de': 162, 'und': 1, 'en': 1}",26,15.85,1423,8.676829268292684,5.5,273,1.6646341463414633,0.0
"Müller, Norbert",Norbert_MdB,2426,Die Linke,198,173,87.37,195,170,"{'de': 170, 'und': 3}",51,29.48,7587,43.85549132947977,6,1763,10.190751445086706,1
"Neu, Dr. Alexander",AlexanderSNeu,5437,Die Linke,367,318,86.65,344,302,"{'de': 302, 'und': 8, 'en': 6, 'tl': 1, 'sv': 1}",104,32.7,7772,24.440251572327043,13.5,3041,9.562893081761006,5.0
"Nick, Dr. Andreas",DrAndreasNick,6301,CDU,521,440,84.45,398,347,"{'und': 16, 'it': 1, 'de': 347, 'en': 64, 'da': 1, 'fr': 9, 'ca': 2}",218,49.55,21664,49.236363636363635,8.0,3157,7.175,0.0
"Nissen, Ulli",UlliNissen,5094,SPD,1321,1081,81.83,1252,1018,"{'und': 40, 'de': 1018, 'en': 17, 'da': 2, 'eu': 2, 'nl': 2}",28,2.59,8200,7.585568917668825,2,726,0.6716003700277521,0
"Nord, Thomas",NordMdb,3855,Die Linke,370,349,94.32,350,331,"{'de': 331, 'und': 14, 'en': 3, 'pt': 1}",239,68.48,2020,5.787965616045845,1,461,1.320916905444126,0
"Notz, Dr. Konstantin von",KonstantinNotz,69434,Bündnis 90/Die Grünen,1026,822,80.12,913,739,"{'de': 739, 'und': 43, 'en': 35, 'et': 1, 'in': 1, 'ht': 1, 'pt': 1, 'fi': 1}",216,26.28,200318,243.69586374695865,58.0,27262,33.1654501216545,10.0
"Nouripour, Omid",nouripour,19656,Bündnis 90/Die Grünen,733,552,75.31,391,289,"{'und': 156, 'de': 289, 'es': 1, 'en': 70, 'fa': 16, 'uk': 1, 'ar': 4, 'sl': 1, 'no': 1, 'cs': 1, 'nl': 2, 'pt': 9, 'it': 1}",111,20.11,14308,25.920289855072465,11.0,2344,4.246376811594203,1.0
"Oellers, Wilfried",WilfriedOellers,0,CDU,0,0,0,0,0,{},0,0,0,0,0,0,0,0
"Oppermann, Thomas",ThomasOppermann,138152,SPD,140,124,88.57,134,120,"{'de': 120, 'und': 2, 'en': 1, 'da': 1}",11,8.87,12406,100.04838709677419,41.0,1317,10.620967741935484,4.0
"Oßner, Florian",Florian_Ossner,942,CSU,7,7,100.0,7,7,{'de': 7},0,0.0,13,1.8571428571428572,2,1,0.14285714285714285,0
"Özdemir, Cem",cem_oezdemir,213052,Bündnis 90/Die Grünen,1093,945,86.46,1010,885,"{'de': 885, 'und': 10, 'tr': 23, 'en': 19, 'fi': 1, 'ca': 1, 'it': 1, 'cy': 1, 'fr': 2, 'ru': 1, 'no': 1}",297,31.43,650437,688.2931216931217,206,66574,70.44867724867724,17
"Özdemir, Mahmut",oezdemir_spd,1511,SPD,94,80,85.11,92,78,"{'de': 78, 'und': 2}",38,47.5,900,11.25,2.0,56,0.7,0.0
"Özoguz, Aydan",oezoguz,19036,SPD,1189,1042,87.64,1075,942,"{'de': 942, 'und': 69, 'tr': 6, 'en': 14, 'fr': 2, 'eu': 1, 'es': 1, 'no': 1, 'nl': 3, 'ht': 1, 'pt': 1, 'lt': 1}",628,60.27,15287,14.670825335892514,2.0,1565,1.5019193857965452,0.0
"Pantel, Sylvia",SylviaPantel,1601,CDU,38,38,100.0,32,32,"{'de': 32, 'und': 6}",0,0.0,194,5.105263157894737,2.5,29,0.7631578947368421,0.0
"Paschke, Markus",MarkusPaschke,1141,SPD,41,41,100.0,41,41,{'de': 41},13,31.71,169,4.121951219512195,1,18,0.43902439024390244,0
"Pau, Petra",PetraPauMaHe,14825,Die Linke,670,528,78.81,608,468,"{'de': 468, 'und': 55, 'en': 3, 'ro': 1, 'et': 1}",163,30.87,9860,18.674242424242426,8.0,2062,3.9053030303030303,2.0
"Paus, Lisa",lisapaus,9014,Bündnis 90/Die Grünen,850,788,92.71,780,721,"{'de': 721, 'fr': 2, 'is': 1, 'und': 50, 'en': 14}",378,47.97,10995,13.953045685279188,5.0,2814,3.5710659898477157,1.0
"Petry, Christian",CPetryMdB,1512,SPD,61,60,98.36,52,51,"{'de': 51, 'fr': 3, 'und': 2, 'en': 3, 'nl': 1}",5,8.33,346,5.766666666666667,4.5,43,0.7166666666666667,0.0
"Post, Achim",Achim_P,3230,SPD,513,506,98.64,512,506,{'de': 506},321,63.44,2998,5.924901185770751,3.0,758,1.4980237154150198,1.0
"Post, Florian",FlorianPost,2466,SPD,244,232,95.08,239,227,"{'de': 227, 'und': 3, 'cs': 1, 'en': 1}",61,26.29,1516,6.5344827586206895,2.0,242,1.043103448275862,0.0
"Pronold, Florian",FlorianPronold,14728,SPD,68,54,79.41,66,53,"{'de': 53, 'und': 1}",3,5.56,468,8.666666666666666,6.0,104,1.9259259259259258,1.0
"Rabanus, Martin",MartinRabanus,0,SPD,0,0,0,0,0,{},0,0,0,0,0,0,0,0
"Radwan, Alexander",AlexanderRadwan,0,CSU,0,0,0,0,0,{},0,0,0,0,0,0,0,0
"Rawert, Mechthild",MechthildRawert,2976,SPD,78,78,100.0,74,74,"{'de': 74, 'en': 1, 'und': 2, 'sv': 1}",1,1.28,315,4.038461538461538,3.0,150,1.9230769230769231,1.0
"Renner, Martina",MartinaRenner,20570,Die Linke,1618,1306,80.72,1528,1228,"{'de': 1228, 'und': 53, 'en': 13, 'tr': 2, 'sv': 1, 'fr': 2, 'da': 1, 'eu': 1, 'it': 2, 'fi': 1, 'nl': 1, 'pt': 1}",537,41.12,213497,163.4739663093415,46.0,50278,38.49770290964778,8.5
"Rimkus, Andreas",Andreas_Rimkus,1901,SPD,707,611,86.42,621,527,"{'de': 527, 'en': 12, 'und': 59, 'nl': 2, 'eu': 1, 'tl': 1, 'pt': 3, 'is': 2, 'sv': 1, 'no': 2, 'lt': 1}",311,50.9,1826,2.988543371522095,1,173,0.28314238952536824,0
"Rix, Sönke",SoenkeRix,6462,SPD,544,478,87.87,512,448,"{'de': 448, 'und': 26, 'nl': 1, 'no': 1, 'en': 1, 'in': 1}",208,43.51,7638,15.97907949790795,6.0,1094,2.288702928870293,0.0
"Rohde, Dennis",DennisRohde,2263,SPD,283,260,91.87,247,224,"{'de': 224, 'und': 25, 'nl': 1, 'en': 7, 'it': 1, 'es': 1, 'da': 1}",205,78.85,4168,16.03076923076923,2.0,474,1.823076923076923,0.0
"Rosemann, Dr. Martin",MartinRosemann,2144,SPD,419,338,80.67,400,321,"{'de': 321, 'en': 8, 'und': 6, 'no': 1, 'da': 1, 'nl': 1}",135,39.94,2083,6.162721893491124,2.0,180,0.5325443786982249,0.0
"Rossmann, Dr. Ernst Dieter",edrossmann,2890,SPD,103,97,94.17,101,95,"{'de': 95, 'en': 2}",41,42.27,852,8.783505154639176,4,170,1.7525773195876289,0
"Rößner, Tabea",TabeaRoessner,8754,Bündnis 90/Die Grünen,624,535,85.74,592,505,"{'de': 505, 'und': 18, 'en': 8, 'lt': 2, 'da': 1, 'sv': 1}",185,34.58,4436,8.291588785046729,4,776,1.4504672897196262,0
"Roth, Michael",MiRo_SPD,34927,SPD,2028,1756,86.59,1408,1270,"{'en': 384, 'de': 1270, 'sv': 3, 'fr': 20, 'und': 42, 'nl': 3, 'es': 2, 'fi': 2, 'ro': 1, 'it': 8, 'tr': 2, 'el': 2, 'cy': 1, 'da': 3, 'no': 2, 'pl': 3, 'lt': 1, 'uk': 1, 'ru': 1, 'cs': 1, 'lv': 1, 'hu': 1, 'ht': 1, 'pt': 1}",584,33.26,82021,46.708997722095674,21.0,11405,6.494874715261959,2.0
"Rüddel, Erwin",Erwin_Rueddel,4467,CDU,726,715,98.48,692,681,"{'de': 681, 'und': 31, 'da': 1, 'lt': 1, 'ca': 1}",62,8.67,2118,2.9622377622377623,2,287,0.4013986013986014,0
"Rüffer, Corinna",crueffer,2926,Bündnis 90/Die Grünen,65,56,86.15,61,52,"{'de': 52, 'und': 2, 'da': 1, 'in': 1}",11,19.64,1146,20.464285714285715,11.0,430,7.678571428571429,3.0
"Rüthrich, Susann",SusannRuethrich,0,SPD,0,0,0,0,0,{},0,0,0,0,0,0,0,0
"Saathoff, Johann",Johann_Saathoff,2727,SPD,122,112,91.8,84,78,"{'de': 78, 'und': 11, 'lt': 1, 'ro': 3, 'hy': 2, 'tr': 4, 'uk': 2, 'ka': 2, 'ru': 6, 'cs': 1, 'en': 1, 'in': 1}",40,35.71,570,5.089285714285714,3.0,51,0.45535714285714285,0.0
"Sarrazin, Manuel",ManuelSarrazin,5806,Bündnis 90/Die Grünen,200,165,82.5,152,134,"{'en': 14, 'de': 134, 'und': 5, 'pl': 6, 'uk': 2, 'tr': 1, 'nl': 1, 'lt': 2}",46,27.88,2972,18.01212121212121,5,665,4.03030303030303,1
"Schauws, Ulle",ulle_schauws,6767,Bündnis 90/Die Grünen,550,449,81.64,491,397,"{'de': 397, 'und': 27, 'nl': 1, 'en': 15, 'no': 1, 'pl': 1, 'fr': 1, 'it': 1, 'ht': 1, 'pt': 1, 'da': 2, 'hi': 1}",216,48.11,14762,32.87750556792873,10,2488,5.541202672605791,1
"Scheuer, Andreas",AndiScheuer,59302,CSU,105,78,74.29,94,70,"{'de': 70, 'is': 1, 'und': 6, 'en': 1}",23,29.49,4970,63.717948717948715,35.0,594,7.615384615384615,4.0
"Schiefner, Udo",UdoSchiefner,1176,SPD,3,3,100.0,3,3,{'de': 3},0,0.0,5,1.6666666666666667,1,0,0,0
"Schimke, Jana",JanaSchimke,4917,CDU,143,116,81.12,140,113,"{'de': 113, 'und': 2, 'en': 1}",30,25.86,17085,147.2844827586207,37.0,2384,20.551724137931036,4.5
"Schipanski, Tankred",TSchipanski,4556,CDU,443,323,72.91,437,319,"{'de': 319, 'und': 3, 'en': 1}",13,4.02,2972,9.201238390092879,4,474,1.4674922600619196,1
"Schmidt, Dagmar",dieschmidt,1706,SPD,40,30,75.0,33,24,"{'de': 24, 'es': 1, 'und': 4, 'en': 1}",3,10.0,118,3.933333333333333,3.0,16,0.5333333333333333,0.0
"Schneider , Carsten",schneidercar,12797,SPD,409,321,78.48,388,305,"{'de': 305, 'und': 9, 'en': 6, 'et': 1}",119,37.07,24440,76.13707165109034,23,3411,10.626168224299066,3
"Schnieder, Patrick",PSchnieder,4179,CDU,128,86,67.19,112,71,"{'de': 71, 'und': 9, 'en': 4, 'da': 1, 'no': 1}",25,29.07,617,7.174418604651163,3.0,97,1.127906976744186,0.0
"Schön, Nadine",NadineSchoen,9804,CDU,210,153,72.86,185,130,"{'de': 130, 'und': 14, 'en': 7, 'fr': 1, 'es': 1}",45,29.41,3714,24.274509803921568,11,343,2.241830065359477,1
"Schulz-Asche, Kordula",K_SA,6534,Bündnis 90/Die Grünen,1770,1366,77.18,1605,1235,"{'de': 1235, 'und': 86, 'en': 24, 'lt': 6, 'tr': 1, 'pt': 5, 'da': 3, 'fr': 1, 'es': 1, 'pl': 1, 'nl': 2, 'cs': 1}",649,47.51,16388,11.997071742313324,5.0,2766,2.0248901903367496,0.0
"Schummer, Uwe",UweSchummer,8535,CDU,1352,1330,98.37,1280,1258,"{'de': 1258, 'und': 49, 'sv': 4, 'da': 5, 'nl': 2, 'en': 6, 'in': 2, 'pl': 1, 'es': 2, 'pt': 1}",666,50.08,10884,8.183458646616542,3.0,1514,1.1383458646616542,0.0
"Schuster, Armin",armin_schuster,3729,CDU,110,100,90.91,104,94,"{'de': 94, 'und': 5, 'en': 1}",40,40.0,5172,51.72,10.0,987,9.87,1.0
"Schwabe, Frank",FrankSchwabe,6801,SPD,685,680,99.27,592,591,"{'de': 591, 'en': 65, 'uk': 1, 'und': 17, 'tr': 1, 'fi': 1, 'ru': 1, 'es': 2, 'pl': 1}",195,28.68,15690,23.073529411764707,6.0,5366,7.891176470588236,1.0
"Schwartze, Stefan",s_schwartze,3952,SPD,74,55,74.32,71,52,"{'de': 52, 'nl': 1, 'und': 1, 'fr': 1}",4,7.27,326,5.927272727272728,3,41,0.7454545454545455,0
"Schwarz, Andreas",Schwarz_MdB,4047,SPD,963,800,83.07,835,673,"{'de': 673, 'it': 83, 'en': 35, 'lt': 1, 'und': 3, 'fr': 1, 'no': 1, 'ht': 1, 'da': 1, 'sv': 1}",339,42.38,3315,4.14375,3.0,130,0.1625,0.0
"Schwarzelühr-Sutter, Rita",rischwasu,3661,SPD,419,278,66.35,386,259,"{'de': 259, 'und': 6, 'en': 11, 'fr': 1, 'es': 1}",56,20.14,964,3.4676258992805757,2.0,128,0.460431654676259,0.0
"Sensburg, Prof. Dr. Patrick",PatrickSensburg,2811,CDU,49,49,100.0,41,41,"{'und': 7, 'de': 41, 'en': 1}",21,42.86,1831,37.36734693877551,1,312,6.36734693877551,0
"Siebert, Bernd",BerndSiebert,1960,CDU,10,9,90.0,10,9,{'de': 9},0,0.0,18,2,2,11,1.2222222222222223,1
"Sitte, Dr. Petra",Petra_Sitte_MdB,5229,Die Linke,321,293,91.28,302,274,"{'de': 274, 'und': 9, 'nl': 2, 'fi': 1, 'fr': 3, 'en': 2, 'pt': 2}",106,36.18,3463,11.819112627986348,4,753,2.569965870307167,0
"Sorge, Tino",TinoSorge,2574,CDU,305,254,83.28,294,244,"{'de': 244, 'und': 9, 'sv': 1}",49,19.29,1695,6.673228346456693,4.0,256,1.0078740157480315,0.0
"Spahn, Jens",jensspahn,211733,CDU,336,314,93.45,321,300,"{'de': 300, 'en': 10, 'fr': 4}",88,28.03,210210,669.4585987261147,169.0,21088,67.1592356687898,18.0
"Spiering, Rainer",rainerspiering,0,SPD,0,0,0,0,0,{},0,0,0,0,0,0,0,0
"Stadler, Svenja",stadler_svenja,3652,SPD,377,296,78.51,331,254,"{'de': 254, 'und': 24, 'en': 11, 'et': 2, 'sv': 1, 'no': 1, 'fr': 2, 'cy': 1}",89,30.07,2127,7.1858108108108105,3.0,176,0.5945945945945946,0.0
"Stamm-Fibich, Martina",stamm_fibich,843,SPD,31,28,90.32,28,25,"{'de': 25, 'fr': 1, 'und': 2}",6,21.43,142,5.071428571428571,1.0,28,1,0.0
"Steffel, Dr. Frank",franksteffel,2824,CDU,33,33,100.0,32,32,"{'de': 32, 'und': 1}",1,3.03,311,9.424242424242424,2,96,2.909090909090909,0
"Steffen, Sonja",SteffenSonja,1591,SPD,61,49,80.33,58,47,"{'de': 47, 'en': 2}",1,2.04,1158,23.632653061224488,4,116,2.36734693877551,0
"Stefinger, Dr. Wolfgang",StefingerMdB,1434,CSU,51,42,82.35,49,41,"{'de': 41, 'und': 1}",5,11.9,656,15.619047619047619,8.5,92,2.1904761904761907,1.0
"Steineke, Sebastian",SteinekeCDU,6271,CDU,2465,2163,87.75,2378,2094,"{'de': 2094, 'en': 20, 'und': 34, 'in': 3, 'da': 5, 'fr': 1, 'es': 1, 'nl': 2, 'pt': 2, 'sv': 1}",569,26.31,21504,9.941747572815533,3,2999,1.3865002311604253,0
"Steiniger, Johannes",JoSteiniger,3964,CDU,731,649,88.78,655,576,"{'de': 576, 'und': 43, 'en': 18, 'is': 1, 'et': 1, 'nl': 5, 'it': 1, 'fr': 2, 'no': 1, 'in': 1}",488,75.19,18787,28.947611710323574,2,2861,4.408320493066256,0
"Stetten, Christian Freiherr von",Stettenchris,0,CDU,0,0,0,0,0,{},0,0,0,0,0,0,0,0
"Storjohann, Gero",gero_storjohann,723,CDU,135,128,94.81,135,128,{'de': 128},11,8.59,651,5.0859375,1.0,117,0.9140625,0.0
"Strengmann-Kuhn, Dr. Wolfgang",W_SK,7101,Bündnis 90/Die Grünen,377,282,74.8,339,256,"{'de': 256, 'und': 15, 'en': 10, 'fr': 1}",84,29.79,2865,10.159574468085106,5.0,703,2.49290780141844,1.0
"Tackmann, Dr. Kirsten",KirstenTackmann,3594,Die Linke,806,570,70.72,739,516,"{'de': 516, 'und': 37, 'et': 1, 'sv': 3, 'en': 7, 'lt': 1, 'no': 3, 'fr': 1, 'es': 1}",219,38.42,1873,3.2859649122807015,1.0,326,0.5719298245614035,0.0
"Tauber, Dr. Peter",petertauber,185988,CDU,713,603,84.57,672,565,"{'de': 565, 'en': 13, 'und': 12, 'es': 3, 'eu': 3, 'no': 1, 'pt': 2, 'nl': 1, 'da': 2, 'sv': 1}",301,49.92,76310,126.55058043117745,20,6324,10.487562189054726,1
"Thews, Michael",michael_thews,2284,SPD,408,406,99.51,364,362,"{'de': 362, 'und': 44}",276,67.98,634,1.561576354679803,0.0,186,0.458128078817734,0.0
"Träger, Carsten",CarstenTraeger,5115,SPD,88,71,80.68,79,62,"{'de': 62, 'und': 9}",13,18.31,582,8.19718309859155,4,78,1.0985915492957747,0
"Tressel, Markus",MarkusTressel,1848,Bündnis 90/Die Grünen,225,201,89.33,223,199,"{'de': 199, 'und': 2}",14,6.97,774,3.8507462686567164,3,250,1.243781094527363,1
"Trittin, Jürgen",JTrittin,106857,Bündnis 90/Die Grünen,1015,867,85.42,972,840,"{'de': 840, 'und': 7, 'en': 16, 'fr': 1, 'es': 1, 'ca': 1, 'sv': 1}",127,14.65,63042,72.71280276816609,23,21774,25.114186851211073,3
"Ullrich, Dr. Volker",VolkerUllrich,3790,CSU,386,341,88.34,380,339,"{'de': 339, 'fr': 1, 'en': 1}",43,12.61,21822,63.9941348973607,11,3105,9.105571847507331,2
"Verlinden, Dr. Julia",julia_verlinden,8526,Bündnis 90/Die Grünen,514,454,88.33,480,421,"{'de': 421, 'und': 25, 'en': 6, 'et': 1, 'es': 1}",227,50.0,13237,29.15638766519824,8.0,3426,7.546255506607929,1.0
"Vogler, Kathrin",voglerk,4058,Die Linke,788,701,88.96,719,645,"{'en': 26, 'de': 645, 'und': 24, 'sv': 1, 'lt': 1, 'no': 2, 'ja': 1, 'fr': 1}",435,62.05,6888,9.825962910128387,3,2024,2.8873038516405134,0
"Vogt, Ute",UteVogt,4604,SPD,126,80,63.49,121,78,"{'de': 78, 'und': 1, 'lt': 1}",16,20.0,1161,14.5125,5.0,159,1.9875,0.0
"Vries, Kees de",KEESdeVriesCDU,0,CDU,0,0,0,0,0,{},0,0,0,0,0,0,0,0
"Wagenknecht, Dr. Sahra",SWagenknecht,450475,Die Linke,238,236,99.16,238,236,{'de': 236},11,4.66,167807,711.0466101694915,567.0,35379,149.91101694915255,110.0
"Walter-Rosenheimer, Beate",BeateWaRo,2989,Bündnis 90/Die Grünen,44,42,95.45,40,38,"{'de': 38, 'und': 3, 'en': 1}",11,26.19,92,2.1904761904761907,1.0,12,0.2857142857142857,0.0
"Wadephul, Dr. Johann",JoWadephul,3406,CDU,314,262,83.44,217,185,"{'de': 185, 'en': 68, 'und': 6, 'lt': 2, 'pt': 1}",120,45.8,3288,12.549618320610687,3.0,556,2.122137404580153,0.0
"Wanderwitz, Marco",wanderwitz,7498,CDU,1545,1493,96.63,1433,1385,"{'de': 1385, 'ca': 1, 'und': 85, 'lt': 1, 'in': 3, 'eu': 1, 'fr': 3, 'sv': 5, 'en': 5, 'no': 2, 'tr': 1, 'da': 1}",995,66.64,41180,27.582049564634964,2,4017,2.6905559276624245,0
"Warken, Nina",ninawarken,1253,CDU,116,79,68.1,104,68,"{'en': 5, 'de': 68, 'und': 6}",28,35.44,235,2.9746835443037973,1,29,0.3670886075949367,0
"Weber, Gabi",GabiWeberSPD,3308,SPD,13,10,76.92,13,10,{'de': 10},1,10.0,38,3.8,1.5,6,0.6,0.0
"Wegner, Kai",kaiwegner,5305,CDU,467,433,92.72,466,432,"{'de': 432, 'und': 1}",71,16.4,12801,29.5635103926097,19,1831,4.228637413394919,2
"Weinberg, Harald",HaraldWeinberg,0,Die Linke,0,0,0,0,0,{},0,0,0,0,0,0,0,0
"Weinberg, Marcus",MarcusWeinberg,2567,CDU,208,194,93.27,206,193,"{'de': 193, 'en': 1}",14,7.22,2553,13.15979381443299,7.5,391,2.015463917525773,1.0
"Weisgerber, Dr. Anja",anjaweisgerber,1805,CSU,168,148,88.1,164,144,"{'de': 144, 'und': 2, 'en': 1, 'da': 1}",4,2.7,1174,7.9324324324324325,5.0,285,1.9256756756756757,1.0
"Weiß, Peter",PeterWeissMdB,0,CDU,0,0,0,0,0,{},0,0,0,0,0,0,0,0
"Wellenreuther, Ingo",Wellenreuther,0,CDU,0,0,0,0,0,{},0,0,0,0,0,0,0,0
"Wendt, Marian",MdbWendt,2483,CDU,488,426,87.3,432,382,"{'de': 382, 'en': 16, 'cy': 2, 'fr': 2, 'it': 6, 'und': 16, 'pt': 1, 'pl': 1}",243,57.04,7947,18.654929577464788,2.0,1350,3.1690140845070425,0.0
"Werner, Katrin",Katrin_Werner,2852,Die Linke,167,164,98.2,167,164,{'de': 164},9,5.49,1216,7.414634146341464,4.0,392,2.3902439024390243,1.0
"Whittaker, Kai",Kai_Whittaker,4569,CDU,544,435,79.96,524,421,"{'de': 421, 'is': 1, 'en': 5, 'und': 7, 'tl': 1}",87,20.0,28267,64.9816091954023,24,3195,7.344827586206897,2
"Widmann-Mauz, Annette",AWidmannMauz,5346,CDU,581,397,68.33,550,378,"{'de': 378, 'en': 13, 'it': 1, 'in': 1, 'und': 2, 'da': 1, 'fr': 1}",62,15.62,7643,19.251889168765743,9,1214,3.0579345088161207,1
"Wiese, Dirk",DirkWieseSPD,2966,SPD,869,744,85.62,759,650,"{'de': 650, 'en': 10, 'ru': 14, 'und': 35, 'hy': 11, 'da': 1, 'ka': 4, 'uk': 5, 'tr': 8, 'bg': 1, 'ro': 3, 'es': 1, 'fr': 1}",102,13.71,7416,9.96774193548387,6.0,995,1.3373655913978495,0.0
"Zdebel, Hubertus",ZdebelHubertus,1591,Die Linke,103,91,88.35,103,91,{'de': 91},2,2.2,1397,15.351648351648352,6,567,6.230769230769231,2
"Zech, Tobias",TobiasZech,1429,CSU,16,11,68.75,14,10,"{'de': 10, 'fr': 1}",1,9.09,22,2,1,2,0.18181818181818182,0
"Zierke, Stefan",zierke,0,SPD,0,0,0,0,0,{},0,0,0,0,0,0,0,0
"Zimmer, Prof. Dr. Matthias",matthiaszimmer,1428,CDU,191,176,92.15,175,161,"{'de': 161, 'und': 6, 'no': 1, 'in': 2, 'en': 5, 'pl': 1}",119,67.61,1547,8.789772727272727,1.0,105,0.5965909090909091,0.0
"Zimmermann, Dr. Jens",JensZSPD,4511,SPD,1044,812,77.78,906,731,"{'de': 731, 'und': 23, 'sv': 1, 'en': 48, 'es': 2, 'et': 1, 'tr': 1, 'fr': 1, 'ht': 2, 'pt': 1, 'in': 1}",375,46.18,14019,17.264778325123153,4.0,1795,2.210591133004926,0.0
"Müller, Detlef",MuellerChemnitz,2040,SPD,960,853,88.85,793,689,"{'de': 689, 'en': 121, 'nl': 3, 'und': 32, 'it': 2, 'tl': 1, 'eu': 1, 'lv': 1, 'no': 1, 'sv': 1, 'pt': 1}",365,42.79,6887,8.073856975381009,3,319,0.37397420867526376,0
"Abercron, Dr. Michael von",mvabercron,883,CDU,119,106,89.08,115,102,"{'de': 102, 'da': 1, 'und': 3}",50,47.17,1446,13.641509433962264,2.0,259,2.443396226415094,0.0
"Achelwilm, Doris",DorisAchelwilm,2584,Die Linke,526,400,76.05,495,385,"{'de': 385, 'und': 8, 'fr': 1, 'eu': 1, 'en': 4, 'sv': 1}",51,12.75,13704,34.26,12.0,3187,7.9675,2.0
"Akbulut, Gökay",AkbulutGokay,3523,Die Linke,654,508,77.68,611,473,"{'de': 473, 'und': 20, 'en': 3, 'pl': 1, 'tr': 11}",67,13.19,14411,28.368110236220474,6.0,3589,7.06496062992126,1.0
"Aschenberg-Dugnus, Christine",cad59,1825,FDP,252,210,83.33,237,195,"{'de': 195, 'und': 9, 'en': 4, 'fr': 1, 'nl': 1}",26,12.38,1064,5.066666666666666,2.0,145,0.6904761904761905,0.0
"Aumer, Peter",PeterAumer,601,CSU,4,4,100.0,4,4,{'de': 4},1,25.0,13,3.25,3.5,2,0.5,0.5
"Badum, Lisa",badulrichmartha,4477,Bündnis 90/Die Grünen,175,133,76.0,163,124,"{'de': 124, 'und': 5, 'nl': 1, 'en': 2, 'sv': 1}",58,43.61,3139,23.601503759398497,11,557,4.18796992481203,1
"Barrientos Krauss, Simone",SBarrientosK,1536,Die Linke,318,264,83.02,289,236,"{'en': 8, 'de': 236, 'und': 16, 'in': 1, 'ro': 1, 'fr': 1, 'tr': 1}",63,23.86,2024,7.666666666666667,2.0,579,2.1931818181818183,0.0
"Bause, Margarete",MargareteBause,6845,Bündnis 90/Die Grünen,164,127,77.44,151,120,"{'de': 120, 'uk': 1, 'en': 4, 'und': 2}",19,14.96,21576,169.88976377952756,17,15955,125.62992125984252,4
"Bayaz, Dr. Danyal",DerDanyal,7485,Bündnis 90/Die Grünen,1724,1420,82.37,1468,1248,"{'de': 1248, 'und': 50, 'en': 103, 'et': 1, 'tr': 6, 'ro': 1, 'fr': 4, 'da': 1, 'pl': 1, 'lv': 1, 'fi': 2, 'es': 1, 'no': 1}",586,41.27,50904,35.84788732394366,14.0,5125,3.609154929577465,1.0
"Bayram, Canan",LieblingXhain,10664,Bündnis 90/Die Grünen,1425,1313,92.14,1288,1184,"{'en': 19, 'de': 1184, 'und': 68, 'nl': 1, 'sv': 3, 'lt': 2, 'tr': 21, 'no': 5, 'tl': 1, 'fi': 2, 'in': 2, 'ro': 2, 'it': 2, 'is': 1}",616,46.92,48314,36.7966488956588,10,8936,6.805788271134806,1
"Beeck, Jens",jensbeeck,1148,FDP,48,43,89.58,48,43,{'de': 43},5,11.63,2375,55.23255813953488,6,343,7.976744186046512,0
"Bernhard, Marc",MarcBernhardAfD,3966,AfD,375,364,97.07,374,364,{'de': 364},10,2.75,8516,23.395604395604394,14.0,3041,8.354395604395604,5.0
"Bernstiel, Christoph",c_bernstiel,990,CDU,16,12,75.0,14,11,"{'de': 11, 'en': 1}",6,50.0,51,4.25,2.0,8,0.6666666666666666,0.0
"Beutin, Lorenz Gösta",lgbeutin,6232,Die Linke,3550,3248,91.49,3335,3059,"{'de': 3059, 'en': 46, 'und': 104, 'in': 3, 'fr': 8, 'nl': 4, 'es': 4, 'pt': 1, 'da': 4, 'is': 1, 'sv': 6, 'lt': 1, 'it': 3, 'no': 2, 'et': 1, 'tl': 1}",2028,62.44,131093,40.361145320197046,6.0,29759,9.162253694581281,0.0
"Beyer, Peter",Peter_Beyer,1754,CDU,302,236,78.15,209,184,"{'de': 184, 'en': 52}",0,0.0,1854,7.8559322033898304,4.0,369,1.5635593220338984,1.0
"Bleck, Andreas",AndreasBleckMdB,3141,AfD,100,100,100.0,94,94,"{'de': 94, 'und': 4, 'en': 2}",75,75.0,2933,29.33,1.0,454,4.54,0.0
"Boehringer, Peter",PeterBoehringer,2498,AfD,111,110,99.1,109,108,"{'de': 108, 'da': 1, 'no': 1}",3,2.73,3547,32.24545454545454,18.0,1236,11.236363636363636,6.5
"Brandenburg, Dr. Jens",JBrandenburgFDP,3256,FDP,595,536,90.08,582,528,"{'de': 528, 'und': 4, 'en': 4}",389,72.57,12117,22.60634328358209,2.5,1432,2.671641791044776,0.0
"Brandenburg, Mario",BraFDP,2220,FDP,449,381,84.86,394,332,"{'de': 332, 'und': 24, 'en': 22, 'pt': 1, 'da': 1, 'ro': 1}",95,24.93,3205,8.412073490813649,5,300,0.7874015748031497,0
"Brandner, Stephan",StBrandner,14989,AfD,5999,4372,72.88,5295,3689,"{'de': 3689, 'und': 560, 'lt': 3, 'da': 9, 'nl': 13, 'no': 6, 'en': 43, 'it': 3, 'sv': 13, 'fi': 2, 'et': 5, 'is': 3, 'es': 6, 'eu': 1, 'fr': 8, 'ht': 1, 'in': 1, 'tl': 1, 'lv': 1, 'ro': 2, 'ca': 1, 'pt': 1}",311,7.11,513588,117.47209515096066,56.5,112887,25.820448307410796,10.0
"Brandt, Michel",michel_brandt_,4017,Die Linke,703,554,78.81,648,539,"{'de': 539, 'und': 11, 'en': 3, 'fi': 1}",66,11.91,25540,46.101083032490976,24.0,8939,16.13537906137184,8.0
"Brehm, Sebastian",Brehm_inNBGNord,762,CSU,1,1,100.0,1,1,{'de': 1},0,0.0,18,18,18,2,2,2
"Breymaier, Leni",LeniBreymaier,3675,SPD,439,406,92.48,414,382,"{'de': 382, 'und': 11, 'sv': 2, 'en': 4, 'no': 1, 'es': 1, 'nl': 2, 'is': 1, 'eu': 1, 'da': 1}",104,25.62,12961,31.923645320197043,12.0,1286,3.167487684729064,0.0
"Brandl, Dr. Reinhard",reinhardbrandl,787,CSU,1,1,100.0,1,1,{'de': 1},1,100.0,7,7,7,0,0,0
"Bühl, Marcus",Marcus_Buehl,2005,AfD,184,184,100.0,184,184,{'de': 184},4,2.17,3919,21.29891304347826,9.0,976,5.304347826086956,2.0
"Bull-Bischoff, Birke",Birke_Bull,3266,Die Linke,104,79,75.96,102,77,"{'de': 77, 'nl': 1, 'und': 1}",13,16.46,1390,17.59493670886076,10,294,3.721518987341772,2
"Buschmann, Dr. Marco",MarcoBuschmann,16509,FDP,5018,4787,95.4,4586,4387,"{'de': 4387, 'und': 256, 'pt': 34, 'in': 66, 'hu': 2, 'sv': 4, 'nl': 4, 'en': 25, 'es': 3, 'pl': 1, 'fr': 2, 'no': 1, 'is': 1, 'da': 1}",3854,80.51,133193,27.823898057238353,1,17818,3.722164194693963,0
"Büttner, Matthias",Buettner_MdB,2383,AfD,85,85,100.0,85,85,{'de': 85},0,0.0,312,3.6705882352941175,3,157,1.8470588235294119,1
"Bystron, Petr",PetrBystronAfD,16147,AfD,916,775,84.61,756,649,"{'de': 649, 'und': 54, 'en': 53, 'lv': 1, 'it': 2, 'ru': 2, 'pl': 1, 'cs': 1, 'da': 2, 'fr': 2, 'ro': 1, 'ht': 1, 'tr': 1, 'in': 1, 'cy': 1, 'sv': 1, 'tl': 1, 'ca': 1}",404,52.13,79746,102.89806451612903,6,24534,31.656774193548387,1
"Cezanne, Jörg",joerg_cezanne,582,Die Linke,26,25,96.15,26,25,{'de': 25},0,0.0,320,12.8,8,91,3.64,1
"Christmann, Dr. Anna",annachristmann,3721,Bündnis 90/Die Grünen,382,329,86.13,368,322,"{'de': 322, 'und': 3, 'fr': 1, 'en': 3}",116,35.26,5460,16.595744680851062,10,894,2.717325227963526,1
"Cotar, Joana",JoanaCotar,18215,AfD,2051,1857,90.54,1904,1724,"{'de': 1724, 'und': 97, 'en': 24, 'fr': 1, 'no': 3, 'nl': 2, 'cy': 1, 'ro': 1, 'hu': 1, 'pl': 1, 'sv': 1, 'eu': 1}",917,49.38,466918,251.43672590199247,102,118483,63.8034464189553,14
"Curio, Dr. Gottfried",GottfriedCurio,33087,AfD,133,132,99.25,129,128,"{'de': 128, 'und': 3, 'fr': 1}",9,6.82,133871,1014.1742424242424,855.5,39818,301.6515151515151,261.5
"De Masi, Fabio",FabioDeMasi,17418,Die Linke,6060,5733,94.6,5357,5128,"{'de': 5128, 'und': 167, 'en': 370, 'da': 5, 'fr': 9, 'it': 17, 'et': 3, 'es': 10, 'sv': 4, 'nl': 8, 'in': 3, 'no': 2, 'pl': 1, 'hu': 1, 'lv': 1, 'lt': 1, 'is': 1, 'tr': 1, 'pt': 1}",3590,62.62,211787,36.94174079888366,10,38743,6.7578929007500435,1
"Domscheit-Berg, Anke",anked,38163,Die Linke,3664,3113,84.96,3136,2704,"{'de': 2704, 'en': 210, 'und': 175, 'fr': 7, 'no': 3, 'es': 3, 'nl': 3, 'da': 3, 'sv': 2, 'lt': 1, 'it': 1, 'et': 1}",2214,71.12,103011,33.09058785737231,6,18361,5.898168968840347,0
"Chrupalla, Tino",Tino_Chrupalla,12008,AfD,323,307,95.05,321,305,"{'de': 305, 'und': 1, 'eu': 1}",8,2.61,186310,606.8729641693811,482,41129,133.97068403908796,105
"Droese, Siegbert",Siegbert_Droese,0,AfD,0,0,0,0,0,{},0,0,0,0,0,0,0,0
"Dürr, Christian",christianduerr,4579,FDP,492,376,76.42,461,354,"{'de': 354, 'en': 5, 'da': 1, 'und': 14, 'no': 1, 'sv': 1}",112,29.79,20980,55.797872340425535,26.0,2313,6.151595744680851,2.0
"Ebbing, Hartmut",HartmutEbbing,587,FDP,198,161,81.31,194,158,"{'de': 158, 'en': 1, 'und': 1, 'nl': 1}",56,34.78,789,4.900621118012422,3,110,0.6832298136645962,0
"Ehrhorn, Thomas",Thomas_Ehrhorn,1127,AfD,27,24,88.89,19,16,"{'de': 16, 'und': 8}",4,16.67,69,2.875,1.0,15,0.625,0.0
"Elsner von Gronow, Berengar",ElsnervonGronow,3598,AfD,156,138,88.46,136,118,"{'und': 18, 'de': 118, 'en': 1, 'et': 1}",6,4.35,6554,47.492753623188406,39.0,3363,24.369565217391305,21.0
"Erndl, Thomas",TErndl,1240,CSU,218,174,79.82,201,163,"{'de': 163, 'da': 1, 'en': 5, 'und': 4, 'it': 1}",45,25.86,5895,33.87931034482759,14.0,2000,11.494252873563218,3.0
"Espendiller, Dr. Michael",DrMEspendiller,5154,AfD,798,654,81.95,721,584,"{'de': 584, 'und': 47, 'sv': 6, 'es': 1, 'tl': 1, 'en': 12, 'eu': 1, 'ca': 1, 'lt': 1}",418,63.91,12839,19.631498470948014,3.0,3242,4.957186544342508,0.0
"Faber, Dr. Marcus",MarcusFaber,2557,FDP,334,322,96.41,288,277,"{'de': 277, 'en': 7, 'und': 35, 'nl': 1, 'sv': 2}",152,47.2,11948,37.1055900621118,6.0,1492,4.633540372670807,0.0
"Felser, Peter",PeterFelser,1308,AfD,189,184,97.35,183,178,"{'de': 178, 'und': 6}",1,0.54,6458,35.09782608695652,5.0,1629,8.853260869565217,2.0
"Schmidt, Stefan",Schmidt_MdB,929,Bündnis 90/Die Grünen,106,87,82.08,102,83,"{'de': 83, 'und': 4}",13,14.94,254,2.9195402298850577,2,43,0.4942528735632184,0
"Föst, Daniel",DFoest,6514,FDP,1767,1560,88.29,1583,1382,"{'de': 1382, 'sv': 5, 'en': 65, 'und': 65, 'fr': 16, 'in': 2, 'da': 1, 'nl': 5, 'lt': 8, 'ht': 3, 'no': 1, 'et': 3, 'es': 2, 'cy': 1, 'lv': 1}",955,61.22,46558,29.844871794871796,4.0,6042,3.873076923076923,0.0
"Fricke, Otto",Otto_Fricke,12669,FDP,2098,2011,95.85,1884,1818,"{'tr': 4, 'de': 1818, 'und': 49, 'en': 82, 'no': 4, 'nl': 23, 'it': 3, 'lt': 6, 'da': 3, 'et': 3, 'is': 1, 'fr': 4, 'pt': 2, 'sv': 3, 'eu': 2, 'ro': 1, 'tl': 1, 'hi': 1, 'in': 1}",1657,82.4,18534,9.216310293386375,1,1658,0.8244654400795625,0
"Friesen, Dr. Anton",DrFriesenMdB,3485,AfD,431,407,94.43,419,398,"{'de': 398, 'und': 5, 'en': 2, 'nl': 1, 'et': 1}",13,3.19,10468,25.71990171990172,16,2679,6.582309582309582,3
"Frohnmaier, Markus",Frohnmaier_AfD,2616,AfD,170,154,90.59,156,142,"{'de': 142, 'und': 10, 'nl': 1, 'et': 1}",71,46.1,3778,24.532467532467532,5.0,934,6.064935064935065,0.0
"Frömming, Dr. Götz",GtzFrmming,14844,AfD,2274,1878,82.59,2183,1824,"{'de': 1824, 'und': 26, 'en': 15, 'fr': 3, 'nl': 3, 'sv': 2, 'da': 1, 'in': 1, 'no': 1, 'ro': 1, 'ca': 1}",503,26.78,192546,102.52715654952077,44.0,54324,28.926517571884983,10.0
"Gabelmann, Sylvia",SylviaGabelmann,1726,Die Linke,140,134,95.71,140,134,{'de': 134},5,3.73,730,5.447761194029851,4.0,289,2.156716417910448,1.0
"Gehrke, Dr. Axel",axelgehrke,658,AfD,5,5,100.0,5,5,{'de': 5},2,40.0,6,1.2,1,1,0.2,0
"Gelbhaar, Stefan",StefanGelbhaar,6533,Bündnis 90/Die Grünen,858,780,90.91,807,736,"{'de': 736, 'en': 20, 'und': 20, 'nl': 1, 'fr': 2, 'sv': 1}",546,70.0,13703,17.567948717948717,3.0,1873,2.401282051282051,0.0
"Gottberg, Wilhelm von",vonGottberg_AfD,0,AfD,0,0,0,0,0,{},0,0,0,0,0,0,0,0
"Gottschalk, Kay",KayGottschalk1,4301,AfD,222,198,89.19,189,166,"{'de': 166, 'und': 23, 'no': 1, 'en': 2, 'es': 2, 'sv': 1, 'in': 1, 'ht': 1, 'lt': 1}",18,9.09,4080,20.606060606060606,11.0,1135,5.732323232323233,3.0
"Gremmels, Timon",Timon_Gremmels,3758,SPD,877,798,90.99,852,775,"{'de': 775, 'en': 11, 'cy': 2, 'nl': 2, 'und': 5, 'fr': 1, 'es': 1, 'da': 1}",371,46.49,16904,21.182957393483708,6.0,1897,2.3771929824561404,0.0
"Jensen, Gyde",GydeJ,8675,FDP,707,537,75.95,618,494,"{'de': 494, 'en': 31, 'und': 9, 'in': 1, 'no': 1, 'et': 1}",57,10.61,85041,158.3631284916201,29,51941,96.7243947858473,4
"Hacker, Thomas",hacker_fdp,1705,FDP,266,210,78.95,255,204,"{'de': 204, 'und': 4, 'en': 2}",19,9.05,1483,7.061904761904762,3.0,179,0.8523809523809524,0.0
"Hagl-Kehl, Rita",RitaHaglKehl,1436,SPD,4,4,100.0,4,4,{'de': 4},0,0.0,25,6.25,6.0,8,2,2.0
"Harder-Kühnel, Mariana",M_HarderKuehnel,9819,AfD,81,76,93.83,80,75,"{'de': 75, 'da': 1}",1,1.32,23247,305.88157894736844,229.5,5823,76.61842105263158,43.0
"Hartwig, Dr. Roland",R_Hartwig_AfD,6666,AfD,146,145,99.32,138,137,"{'de': 137, 'und': 8}",8,5.52,33459,230.75172413793103,105,8848,61.02068965517241,31
"Haug, Jochen",Jochen_Haug,3616,AfD,5,4,80.0,5,4,{'de': 4},0,0.0,309,77.25,65.0,84,21,16.0
"Helling-Plahr, Katrin",KatrinHelling,2045,FDP,324,263,81.17,311,252,"{'de': 252, 'sv': 1, 'und': 6, 'no': 1, 'en': 2, 'fr': 1}",71,27.0,3291,12.513307984790874,5,727,2.76425855513308,0
"Hemmelgarn, Udo",UdoHemmelgarn,7376,AfD,1235,1177,95.3,1208,1152,"{'de': 1152, 'et': 2, 'und': 8, 'tr': 1, 'es': 1, 'en': 5, 'in': 1, 'nl': 2, 'da': 1, 'fr': 2, 'ht': 2}",792,67.29,28581,24.282922684791842,10,6917,5.876805437553101,2
"Henrichmann, Marc",MarcHenrichmann,527,CDU,264,235,89.02,262,233,"{'de': 233, 'und': 2}",108,45.96,1199,5.102127659574468,1,148,0.6297872340425532,0
"Herbst, Torsten",torstenherbst,2227,FDP,456,430,94.3,453,429,"{'de': 429, 'und': 1}",57,13.26,10261,23.86279069767442,6.0,2621,6.095348837209302,1.0
"Herdt, Waldemar",WaldemarHerdt,0,AfD,0,0,0,0,0,{},0,0,0,0,0,0,0,0
"Herrmann, Lars",hermiworld,23,AfD,17,14,82.35,15,12,"{'de': 12, 'und': 2}",0,0.0,1,0.07142857142857142,0.0,0,0,0.0
"Hess, Martin",Martin_Hess_AfD,6546,AfD,245,233,95.1,245,233,{'de': 233},23,9.87,34894,149.75965665236052,79,11331,48.63090128755365,25
"Hessel, Katja",fdp_hessel,1270,FDP,84,75,89.29,82,73,"{'de': 73, 'en': 1, 'und': 1}",15,20.0,1011,13.48,4,76,1.0133333333333334,0
"Höchst, Nicole",Nicole_Hoechst,3818,AfD,167,157,94.01,144,134,"{'de': 134, 'und': 21, 'en': 1, 'nl': 1}",1,0.64,5174,32.955414012738856,14,1723,10.97452229299363,5
"Höferlin, Manuel",ManuelHoeferlin,6393,FDP,238,192,80.67,228,187,"{'de': 187, 'und': 2, 'en': 2, 'no': 1}",58,30.21,5302,27.614583333333332,15.0,1102,5.739583333333333,2.0
"Höhn, Matthias",MatthiasHoehn,5933,Die Linke,521,393,75.43,479,365,"{'de': 365, 'und': 21, 'cy': 1, 'da': 1, 'en': 4, 'in': 1}",56,14.25,26277,66.86259541984732,14,3684,9.374045801526718,3
"Holm, Leif-Erik",Leif_Erik_Holm,8931,AfD,68,66,97.06,68,66,{'de': 66},0,0.0,11373,172.3181818181818,104.0,2959,44.833333333333336,29.5
"Holtz, Ottmar von",OWvonHoltz,1437,Bündnis 90/Die Grünen,117,103,88.03,96,86,"{'de': 86, 'en': 12, 'und': 3, 'pt': 1, 'uk': 1}",33,32.04,1454,14.116504854368932,3,157,1.5242718446601942,0
"Houben, Reinhard",HoubenReinhard,1251,FDP,146,115,78.77,142,112,"{'de': 112, 'und': 3}",20,17.39,608,5.28695652173913,3,71,0.6173913043478261,0
"Jongen, Dr. Marc",Marc_Jongen,2203,AfD,70,58,82.86,69,58,{'de': 58},1,1.72,2690,46.37931034482759,24.5,864,14.89655172413793,7.0
"Jung, Dr. Christian",c_jung77,3120,FDP,1853,1575,85.0,1804,1533,"{'de': 1533, 'pt': 1, 'en': 14, 'und': 16, 'nl': 3, 'fr': 2, 'sv': 1, 'pl': 2, 'in': 1, 'lt': 1, 'ht': 1}",304,19.3,17664,11.215238095238096,4,2127,1.3504761904761904,0
"Jung, Ingmar",Ingmar_Jung,1686,CDU,11,8,72.73,11,8,{'de': 8},3,37.5,33,4.125,3.0,5,0.625,0.0
"Juratovic, Josip",josip_juratovic,1178,SPD,66,61,92.42,62,58,"{'de': 58, 'und': 3}",10,16.39,609,9.98360655737705,4,52,0.8524590163934426,0
"Kaiser, Elisabeth",Kaiser_SPD,1927,SPD,273,234,85.71,270,231,"{'de': 231, 'und': 3}",33,14.1,4079,17.431623931623932,4.0,810,3.4615384615384617,0.0
"Kartes, Torbjörn",KartesMdB,725,CDU,26,22,84.62,24,20,"{'de': 20, 'und': 2}",2,9.09,11125,505.6818181818182,3.0,1791,81.4090909090909,0.0
"Katzmarek, Gabriele",GabyKatzmarek,1156,SPD,22,18,81.82,19,15,"{'und': 3, 'de': 15}",6,33.33,125,6.944444444444445,1.5,11,0.6111111111111112,0.0
"Kessler, Dr. Achim",AchimKesslerMdB,2501,Die Linke,875,721,82.4,831,680,"{'de': 680, 'en': 4, 'tl': 3, 'und': 27, 'lt': 2, 'pl': 1, 'nl': 2, 'ht': 1, 'cy': 1}",122,16.92,12539,17.39112343966713,4,3300,4.5769764216366156,1
"Kestner, Jens",KestnerJens,1121,AfD,316,253,80.06,294,240,"{'de': 240, 'und': 10, 'en': 1, 'eu': 1, 'da': 1}",82,32.41,1707,6.747035573122529,1,556,2.197628458498024,0
"Keuter, Stefan",StefanKeuterAfD,0,AfD,0,0,0,0,0,{},0,0,0,0,0,0,0,0
"Kleinwächter, Norbert",NKleinwaechter,3888,AfD,149,144,96.64,147,142,"{'de': 142, 'en': 2}",0,0.0,5938,41.236111111111114,17.0,1926,13.375,4.0
"Kluckert, Daniela",DanielaKluckert,3747,FDP,518,430,83.01,491,406,"{'de': 406, 'en': 8, 'und': 12, 'lt': 2, 'da': 1, 'in': 1}",138,32.09,9982,23.21395348837209,9.0,1378,3.2046511627906975,0.0
"Kober, Pascal",PascalKober,367,FDP,91,59,64.84,87,56,"{'de': 56, 'en': 3}",12,20.34,279,4.728813559322034,2,24,0.4067796610169492,0
"Köhler, Dr. Lukas",koehler_fdp,6422,FDP,525,459,87.43,481,417,"{'und': 39, 'de': 417, 'en': 2, 'tl': 1}",221,48.15,27075,58.98692810457516,14,2581,5.6230936819172115,0
"Komning, Enrico",EnricoKomning,2577,AfD,25,22,88.0,24,21,"{'de': 21, 'und': 1}",8,36.36,102,4.636363636363637,3.5,23,1.0454545454545454,0.5
"Konrad, Carina",carina_konrad,1830,FDP,510,414,81.18,497,404,"{'de': 404, 'no': 1, 'und': 8, 'ht': 1}",108,26.09,6063,14.644927536231885,7.0,793,1.9154589371980677,1.0
"Korkmaz-Emre, Elvan",KorkmazGT,2085,SPD,232,197,84.91,222,187,"{'de': 187, 'en': 2, 'und': 7, 'lt': 1}",87,44.16,1682,8.538071065989847,3,193,0.9796954314720813,0
"Kotré, Steffen",SteffenKotre,3871,AfD,180,155,86.11,176,153,"{'de': 153, 'und': 2}",12,7.74,9018,58.18064516129032,9,4798,30.954838709677418,3
"Krauß, Alexander",kraussalex,0,CDU,0,0,0,0,0,{},0,0,0,0,0,0,0,0
"Kuffer, Michael",MichaelKuffer,760,CSU,12,10,83.33,10,8,"{'de': 8, 'und': 2}",3,30.0,86,8.6,2.5,12,1.2,0.5
"Kuhle, Konstantin Elias",KonstantinKuhle,27445,FDP,1858,1585,85.31,1530,1294,"{'de': 1294, 'en': 31, 'und': 216, 'it': 3, 'et': 2, 'da': 2, 'es': 11, 'sv': 6, 'hu': 1, 'no': 4, 'fr': 4, 'in': 1, 'ca': 2, 'cy': 2, 'tr': 1, 'lt': 1, 'pt': 2, 'ro': 1, 'pl': 1}",879,55.46,296140,186.8391167192429,38,27331,17.243533123028392,1
"Lambsdorff, Alexander Graf",Lambsdorff,18896,FDP,1268,1042,82.18,1064,886,"{'de': 886, 'en': 75, 'und': 53, 'fr': 14, 'pt': 2, 'et': 2, 'sv': 1, 'ro': 2, 'es': 4, 'lt': 2, 'ca': 1}",629,60.36,65223,62.59404990403071,9.0,8789,8.434740882917467,0.0
"Lehmann, Sven",svenlehmann,15462,Bündnis 90/Die Grünen,972,913,93.93,879,826,"{'de': 826, 'lt': 2, 'und': 43, 'en': 28, 'fr': 2, 'ht': 1, 'pt': 1, 'sv': 3, 'da': 1, 'pl': 1, 'uk': 1, 'nl': 1, 'no': 1, 'eu': 1, 'et': 1}",440,48.19,133056,145.73493975903614,41,20900,22.89156626506024,4
"Lindh, Helge",helgelindh,9375,SPD,271,248,91.51,270,248,{'de': 248},58,23.39,88801,358.06854838709677,97.0,12998,52.41129032258065,14.0
"Lindner, Christian",c_lindner,422473,FDP,1294,1211,93.59,1233,1154,"{'de': 1154, 'und': 21, 'nl': 23, 'lt': 1, 'in': 3, 'en': 6, 'fr': 1, 'no': 1, 'ht': 1}",753,62.18,384408,317.4302229562345,76,31766,26.23121387283237,2
"Link, Michael",michael_g_link,1931,FDP,160,133,83.12,139,118,"{'de': 118, 'en': 14, 'und': 1}",11,8.27,3074,23.112781954887218,11,537,4.037593984962406,1
"Löbel, Nikolas",NikolasLoebel,1825,CDU,220,191,86.82,176,154,"{'de': 154, 'en': 21, 'und': 15, 'fr': 1}",69,36.13,3143,16.455497382198953,6,485,2.5392670157068062,1
"Lucassen, Rüdiger",MdB_Lucassen,3763,AfD,26,26,100.0,25,25,"{'de': 25, 'und': 1}",10,38.46,1128,43.38461538461539,25.5,307,11.807692307692308,4.5
"Luksic, Oliver",OlliLuksic,9939,FDP,2911,2624,90.14,2746,2477,"{'de': 2477, 'en': 57, 'lt': 2, 'und': 62, 'no': 5, 'da': 2, 'fr': 2, 'fi': 1, 'eu': 1, 'pt': 2, 'sv': 6, 'es': 2, 'et': 1, 'nl': 2, 'in': 1, 'ca': 1}",587,22.37,143379,54.64138719512195,13.0,23062,8.788871951219512,2.0
"Maas, Heiko",HeikoMaas,431060,SPD,709,672,94.78,685,656,"{'de': 656, 'pl': 1, 'fr': 5, 'en': 7, 'it': 1, 'no': 1, 'und': 1}",98,14.58,384622,572.3541666666666,251.0,55529,82.63244047619048,36.0
"Maier, Jens",JensMaierAfD,6041,AfD,419,403,96.18,416,401,"{'de': 401, 'und': 2}",103,25.56,41663,103.38213399503722,44,14433,35.81389578163772,14
"Maier, Prof. Dr. Lothar",ProfMaier,2505,AfD,118,117,99.15,116,115,"{'de': 115, 'und': 2}",0,0.0,663,5.666666666666667,3,210,1.794871794871795,1
"Matschie, Christoph",matschie,1964,SPD,92,74,80.43,84,69,"{'de': 69, 'und': 1, 'en': 4}",23,31.08,652,8.81081081081081,4.0,179,2.418918918918919,1.0
"Meiser, Pascal",pascalmeiser,2536,Die Linke,243,187,76.95,230,175,"{'de': 175, 'und': 10, 'en': 2}",36,19.25,14177,75.81283422459893,10,3191,17.06417112299465,3
"Meyer, Christoph",ChristophFDP,2851,FDP,1216,1136,93.42,1086,1017,"{'de': 1017, 'und': 84, 'sv': 2, 'en': 16, 'lt': 2, 'fr': 2, 'da': 3, 'in': 3, 'es': 1, 'nl': 2, 'ca': 1, 'tl': 3}",683,60.12,11724,10.320422535211268,2.0,1471,1.294894366197183,0.0
"Miazga, Corinna",CorinnaMiazga,7870,AfD,79,77,97.47,79,77,{'de': 77},0,0.0,17563,228.0909090909091,148,4721,61.311688311688314,37
"Mohrs, Falko",FalkoMohrs,2018,SPD,69,55,79.71,67,53,"{'de': 53, 'und': 2}",15,27.27,2267,41.21818181818182,14,217,3.9454545454545453,1
"Mrosek, Andreas",mrosek1958,2418,AfD,290,275,94.83,248,233,"{'de': 233, 'und': 41, 'da': 1}",36,13.09,2931,10.658181818181818,3,1215,4.418181818181818,1
"Müller, Claudia",GruenClaudia,2473,Bündnis 90/Die Grünen,887,690,77.79,766,604,"{'de': 604, 'und': 59, 'en': 18, 'no': 2, 'fr': 1, 'nl': 2, 'in': 2, 'et': 1, 'uk': 1}",379,54.93,6375,9.23913043478261,3.0,760,1.1014492753623188,0.0
"Müller, Sepp",mueller_sepp,1370,CDU,580,400,68.97,506,332,"{'und': 59, 'de': 332, 'en': 4, 'pt': 1, 'sv': 1, 'in': 1, 'no': 2}",149,37.25,3617,9.0425,2.0,421,1.0525,0.0
"Müller-Böhm, Roman",muellerboehm,1274,FDP,4,4,100.0,3,3,"{'und': 1, 'de': 3}",1,25.0,15,3.75,3.0,2,0.5,0.0
"Münzenmaier, Sebastian",S_Muenzenmaier,5662,AfD,461,440,95.44,457,436,"{'de': 436, 'und': 3, 'in': 1}",9,2.05,21294,48.39545454545455,19.0,6505,14.784090909090908,6.0
"Nastic, Zaklin",ZaklinNastic,4159,Die Linke,507,435,85.8,481,429,"{'de': 429, 'und': 4, 'en': 2}",14,3.22,17993,41.3632183908046,18,9580,22.022988505747126,8
"Freihold, Brigitte",MdB_Freihold,774,Die Linke,297,230,77.44,291,228,"{'de': 228, 'und': 2}",20,8.7,684,2.973913043478261,1.0,277,1.2043478260869565,0.0
"Nestle, Dr. Ingrid",Ingrid_Nestle,2804,Bündnis 90/Die Grünen,502,412,82.07,492,405,"{'de': 405, 'und': 6, 'sv': 1}",91,22.09,4507,10.939320388349515,5.0,1078,2.616504854368932,1.0
"Neumann, Christoph",Neumann_AfD,0,AfD,0,0,0,0,0,{},0,0,0,0,0,0,0,0
"Nolte, Jan",Jan_Nolte_AfD,1534,AfD,126,115,91.27,124,113,"{'de': 113, 'und': 2}",39,33.91,4920,42.78260869565217,11,1127,9.8,1
"Oehme, Ulrich",Ulrich_Oehme,0,AfD,0,0,0,0,0,{},0,0,0,0,0,0,0,0
"Ortleb, Josephine",joloulou,2829,SPD,45,40,88.89,41,36,"{'de': 36, 'en': 1, 'da': 1, 'und': 2}",14,35.0,4892,122.3,11.0,504,12.6,1.0
"Oster, Josef",josefoster,0,CDU,0,0,0,0,0,{},0,0,0,0,0,0,0,0
"Pasemann, Frank",Frank_Pasemann,12108,AfD,514,398,77.43,497,392,"{'de': 392, 'und': 2, 'sv': 1, 'en': 2, 'no': 1}",8,2.01,62358,156.678391959799,78.0,23354,58.678391959798994,26.0
"Pellmann, Sören",LINKEPELLI,6328,Die Linke,857,789,92.07,837,770,"{'de': 770, 'sv': 2, 'und': 14, 'lt': 1, 'en': 2}",167,21.17,11148,14.129277566539924,8,2434,3.084917617237009,1
"Perli, Victor",victorperli,5251,Die Linke,764,687,89.92,732,664,"{'de': 664, 'en': 3, 'und': 19, 'nl': 1}",214,31.15,95373,138.82532751091702,58,24256,35.30713245997089,13
"Peterka, Tobias",TobiasMPeterka,1456,AfD,483,482,99.79,481,480,"{'de': 480, 'und': 2}",32,6.64,3904,8.099585062240664,2.0,1277,2.6493775933609958,0.0
"Petry, Dr. Frauke",FraukePetry,51881,Fraktionslos,640,587,91.72,611,563,"{'de': 563, 'sv': 2, 'und': 12, 'et': 2, 'pt': 2, 'en': 4, 'ht': 1, 'es': 1}",386,65.76,39990,68.12606473594549,9,6750,11.499148211243611,1
"Pflüger, Tobias",tpflueger,3165,Die Linke,127,110,86.61,124,109,"{'de': 109, 'en': 1}",9,8.18,2691,24.463636363636365,11.0,839,7.627272727272727,4.0
"Pilsinger, Stephan",StephPilsinger,1148,CSU,13,13,100.0,13,13,{'de': 13},4,30.77,143,11,2,28,2.1538461538461537,0
"Podolay, Paul Viktor",Paul_Podolay,741,AfD,3,3,100.0,2,2,"{'und': 1, 'de': 2}",1,33.33,5,1.6666666666666667,1,1,0.3333333333333333,0
"Pohl, Jürgen",Pohl_MdB,2511,AfD,79,63,79.75,76,61,"{'de': 61, 'und': 2}",15,23.81,2276,36.12698412698413,7,741,11.761904761904763,2
"Polat, Filiz",filizgreen,4453,Bündnis 90/Die Grünen,655,557,85.04,630,538,"{'de': 538, 'en': 5, 'und': 10, 'da': 2, 'nl': 1, 'sv': 1}",58,10.41,12706,22.81149012567325,9,2534,4.549371633752244,2
"Protschka, Stephan",AfDProtschka,5612,AfD,1093,956,87.47,1061,932,"{'de': 932, 'und': 17, 'en': 2, 'sv': 2, 'no': 2, 'is': 1}",249,26.05,91961,96.19351464435147,30.5,22850,23.901673640167363,6.0
"Reichardt, Martin",M_Reichardt_AfD,6974,AfD,828,724,87.44,814,713,"{'de': 713, 'und': 9, 'in': 1, 'en': 1}",304,41.99,31891,44.04834254143646,19.0,9071,12.529005524861878,4.0
"Remmers, Ingrid",Ingrid_Remmers,983,Die Linke,53,44,83.02,51,42,"{'de': 42, 'und': 2}",4,9.09,470,10.681818181818182,3.0,112,2.5454545454545454,1.0
"Renner, Martin Erwin",Renner_AfD,7122,AfD,214,199,92.99,187,174,"{'de': 174, 'und': 21, 'fr': 1, 'en': 3}",15,7.54,16862,84.73366834170854,61,7100,35.678391959798994,28
"Riexinger, Bernd",b_riexinger,38192,Die Linke,588,546,92.86,587,546,{'de': 546},45,8.24,118065,216.23626373626374,132.0,21234,38.89010989010989,23.0
"Reuther, Bernd",reuther_bernd,1398,FDP,168,129,76.79,165,127,"{'de': 127, 'en': 2}",19,14.73,1166,9.03875968992248,4,144,1.1162790697674418,0
"Ullrich, Gerald",G_UllrichFDP,1111,FDP,475,379,79.79,462,375,"{'de': 375, 'en': 1, 'und': 3}",20,5.28,2737,7.221635883905013,2,533,1.4063324538258575,0
"Rouenhoff, Stefan",StefanRouenhoff,843,CDU,28,22,78.57,19,16,"{'de': 16, 'en': 6}",1,4.55,113,5.136363636363637,2.5,16,0.7272727272727273,0.0
"Sattelberger, Thomas",th_sattelberger,14585,FDP,2514,2117,84.21,2352,1977,"{'de': 1977, 'en': 52, 'und': 53, 'cs': 2, 'sv': 6, 'lv': 3, 'in': 3, 'lt': 4, 'es': 2, 'da': 2, 'nl': 3, 'pl': 1, 'no': 1, 'eu': 3, 'et': 1, 'fr': 1, 'cy': 1, 'tl': 2}",1158,54.7,80769,38.15257439773264,6,11308,5.341521020311762,0
"Schäfer, Anita",SchaeferCDU,0,CDU,0,0,0,0,0,{},0,0,0,0,0,0,0,0
"Schäffler, Frank",f_schaeffler,14014,FDP,1018,844,82.91,980,813,"{'de': 813, 'und': 17, 'en': 11, 'et': 1, 'no': 1, 'es': 1}",123,14.57,98074,116.20142180094787,26.0,15081,17.868483412322274,3.0
"Scheer, Nina",NinaScheer_SPD,3617,SPD,44,34,77.27,43,33,"{'de': 33, 'und': 1}",3,8.82,1500,44.11764705882353,14.5,269,7.911764705882353,2.5
"Schielke-Ziesing, Ulrike",ulschzi,1658,AfD,335,312,93.13,334,311,"{'de': 311, 'und': 1}",14,4.49,1389,4.451923076923077,2.0,530,1.6987179487179487,1.0
"Schinnenburg, Dr. Wieland",WSchinnenburg,1367,FDP,235,207,88.09,222,197,"{'de': 197, 'und': 7, 'en': 3}",52,25.12,1194,5.768115942028985,2,175,0.8454106280193237,0
"Schmid, Dr. Nils",NilsSchmid,5672,SPD,500,477,95.4,459,444,"{'de': 444, 'fr': 7, 'und': 4, 'en': 18, 'tr': 2, 'pt': 1, 'ru': 1}",113,23.69,3824,8.016771488469601,3,761,1.5953878406708595,0
"Schneider, Jörg",Schneider_AfD,5918,AfD,376,348,92.55,362,334,"{'de': 334, 'und': 12, 'fr': 2}",13,3.74,22199,63.79022988505747,46.0,10065,28.92241379310345,22.0
"Schraps, Johannes",jschraps,1725,SPD,45,37,82.22,43,35,"{'de': 35, 'und': 2}",11,29.73,189,5.108108108108108,2,35,0.9459459459459459,0
"Schreiner, Felix",felixschreiner,1402,CDU,97,77,79.38,89,73,"{'de': 73, 'und': 3, 'sv': 1}",6,7.79,645,8.376623376623376,5,41,0.5324675324675324,0
"Schrodi, Michael",mischrodi,1599,SPD,229,211,92.14,220,204,"{'de': 204, 'und': 5, 'en': 2}",115,54.5,1544,7.317535545023697,3,250,1.1848341232227488,0
"Schulz, Martin",MartinSchulz,684730,SPD,50,46,92.0,44,42,"{'de': 42, 'en': 3, 'fr': 1}",1,2.17,24368,529.7391304347826,287.0,3128,68,43.0
"Schulz, Uwe",Uwe_Schulz_AfD,1271,AfD,28,25,89.29,24,21,"{'de': 21, 'en': 1, 'und': 3}",2,8.0,113,4.52,2,39,1.56,0
"Schweiger, Torsten",cdu_schweiger,515,CDU,16,14,87.5,13,11,"{'und': 3, 'de': 11}",0,0.0,20,1.4285714285714286,1.5,10,0.7142857142857143,0.5
"Seitz, Thomas",Th_Seitz_AfD,2750,AfD,15,13,86.67,15,13,{'de': 13},2,15.38,83,6.384615384615385,6,17,1.3076923076923077,1
"Sichert, Martin",Martin_Sichert,2440,AfD,272,248,91.18,264,243,"{'de': 243, 'und': 2, 'fr': 2, 'en': 1}",96,38.71,4513,18.197580645161292,6.0,1347,5.431451612903226,1.0
"Simon, Björn",BjoernSimon,263,CDU,66,56,84.85,66,56,{'de': 56},2,3.57,71,1.2678571428571428,1.0,7,0.125,0.0
"Sitta, Frank",franksitta,3366,FDP,25,22,88.0,24,21,"{'und': 1, 'de': 21}",14,63.64,90,4.090909090909091,2.0,10,0.45454545454545453,0.0
"Solms, Dr. Hermann Otto",solms,7512,FDP,109,100,91.74,106,97,"{'de': 97, 'und': 2, 'tr': 1}",51,51.0,4998,49.98,10.5,379,3.79,0.0
"Sommer, Evrim",HESommer,4753,Die Linke,964,830,86.1,900,797,"{'de': 797, 'en': 9, 'tr': 16, 'ca': 1, 'und': 5, 'ro': 1, 'fr': 1}",180,21.69,17975,21.656626506024097,12.0,5800,6.9879518072289155,3.0
"Spaniel, Dr. Dirk",DirkSpaniel,3691,AfD,81,74,91.36,79,73,"{'de': 73, 'en': 1}",18,24.32,9287,125.5,33.0,3518,47.54054054054054,12.5
"Mieruch, Mario",MieruchMario,1235,Fraktionslos,5862,5089,86.81,5476,4745,"{'de': 4745, 'und': 209, 'en': 71, 'pt': 4, 'es': 3, 'da': 8, 'in': 5, 'pl': 4, 'fr': 4, 'nl': 4, 'sv': 7, 'ht': 2, 'tl': 1, 'no': 5, 'hu': 1, 'tr': 2, 'is': 3, 'eu': 4, 'et': 2, 'cy': 2, 'lv': 1, 'lt': 1, 'sl': 1}",3455,67.89,37648,7.397917076046374,2,4846,0.9522499508744351,0
"Staffler, Katrin",katrin_staffler,870,CSU,53,38,71.7,42,34,"{'de': 34, 'en': 4}",5,13.16,217,5.7105263157894735,5.0,40,1.0526315789473684,0.5
"Stark-Watzinger, Bettina",starkwatzinger,4970,FDP,813,698,85.85,789,677,"{'de': 677, 'und': 4, 'en': 13, 'no': 1, 'fi': 1, 'eu': 1, 'pt': 1}",278,39.83,28403,40.691977077363894,21.0,3480,4.98567335243553,2.0
"Steier, Andreas",AndreasSteier,2234,CDU,270,252,93.33,252,236,"{'de': 236, 'en': 15, 'und': 1}",150,59.52,2265,8.988095238095237,2.0,468,1.8571428571428572,0.0
"Stein, Jens Mathias",stonie_kiel,1551,SPD,531,429,80.79,508,408,"{'de': 408, 'und': 5, 'fr': 1, 'it': 1, 'en': 13, 'es': 1}",228,53.15,2145,5,2,294,0.6853146853146853,0
"Stein, Peter",Peter_Stein_CDU,743,CDU,342,300,87.72,281,243,"{'de': 243, 'tr': 1, 'und': 37, 'en': 9, 'es': 2, 'pt': 1, 'sv': 4, 'fr': 1, 'da': 1, 'nl': 1}",101,33.67,1036,3.453333333333333,1.0,99,0.33,0.0
"Storch, Beatrix von",Beatrix_vStorch,61192,AfD,477,411,86.16,462,401,"{'de': 401, 'en': 2, 'und': 8}",8,1.95,391389,952.2846715328467,843,98337,239.26277372262774,201
"Strack-Zimmermann, Dr. Marie-Agnes",MAStrackZi,17873,FDP,2737,2591,94.67,2377,2244,"{'de': 2244, 'und': 281, 'en': 37, 'pl': 2, 'lt': 1, 'eu': 1, 'hu': 1, 'et': 1, 'fr': 3, 'in': 1, 'tl': 1, 'pt': 3, 'nl': 3, 'da': 3, 'no': 1, 'sv': 6, 'it': 1, 'fi': 1}",2119,81.78,161978,62.515631030490155,5,11490,4.434581242763412,0
"Strasser, Benjamin",bstrasser,4134,FDP,441,376,85.26,419,356,"{'de': 356, 'sv': 1, 'da': 2, 'ht': 1, 'fr': 1, 'und': 8, 'en': 5, 'hu': 1, 'it': 1}",134,35.64,13561,36.066489361702125,16.0,2019,5.36968085106383,2.0
"Suding, Katja",KatjaSuding,12728,FDP,510,473,92.75,504,468,"{'de': 468, 'und': 3, 'da': 1, 'en': 1}",222,46.93,25032,52.92177589852008,22,2946,6.2283298097251585,2
"Teuteberg, Linda",LindaTeuteberg,17044,FDP,252,207,82.14,245,202,"{'de': 202, 'und': 5}",48,23.19,47123,227.64734299516908,120,6247,30.17874396135266,10
"Theurer, Michael",EUTheurer,5911,FDP,434,379,87.33,411,358,"{'de': 358, 'und': 15, 'es': 1, 'en': 4, 'lt': 1}",177,46.7,9544,25.182058047493403,7,1337,3.5277044854881265,0
"Thomae, Stephan",StephanThomae,2865,FDP,626,532,84.98,617,525,"{'de': 525, 'und': 3, 'en': 2, 'nl': 2}",38,7.14,9334,17.545112781954888,7.0,1378,2.5902255639097747,1.0
"Tiemann, Dr. Dietlind",dr_tiemann,0,CDU,0,0,0,0,0,{},0,0,0,0,0,0,0,0
"Todtenhausen, Manfred",MTodtenhausen,1337,FDP,76,49,64.47,73,46,"{'de': 46, 'und': 2, 'en': 1}",15,30.61,140,2.857142857142857,2,12,0.24489795918367346,0
"Toncar, Dr. Florian",florian_toncar,5736,FDP,381,353,92.65,366,338,"{'de': 338, 'und': 11, 'en': 3, 'sv': 1}",58,16.43,9462,26.804532577903682,18,1350,3.8243626062322944,2
"Töns, Markus",Toens_NRW04,1364,SPD,273,225,82.42,236,192,"{'de': 192, 'und': 24, 'en': 6, 'nl': 1, 'no': 1, 'it': 1}",170,75.56,2062,9.164444444444445,2,98,0.43555555555555553,0
"Uhl, Markus",uhl_markus,738,CDU,1,1,100.0,1,1,{'de': 1},0,0.0,6,6,6,2,2,2
"Ullmann, Prof. Dr. Andrew",UllmannMdB,2023,FDP,912,814,89.25,826,745,"{'de': 745, 'und': 25, 'en': 35, 'da': 3, 'no': 2, 'fr': 1, 'cy': 1, 'nl': 2}",398,48.89,7320,8.992628992628992,2.0,1019,1.2518427518427517,0.0
"Vogel, Johannes",johannesvogel,18985,FDP,2399,2230,92.96,1918,1777,"{'de': 1777, 'en': 121, 'und': 256, 'es': 5, 'nl': 7, 'sv': 16, 'in': 5, 'lt': 7, 'tr': 16, 'ht': 2, 'eu': 1, 'et': 5, 'da': 2, 'fr': 3, 'no': 1, 'pl': 1, 'pt': 1, 'lv': 1, 'tl': 1, 'is': 1, 'ro': 1}",1721,77.17,106947,47.95829596412556,3.0,11028,4.945291479820628,0.0
"Wagner, Andreas",Andi_Wagner,2486,Die Linke,336,296,88.1,327,290,"{'de': 290, 'nl': 1, 'und': 5}",94,31.76,13062,44.12837837837838,7.5,3229,10.908783783783784,1.0
"Wagner, Daniela",DanyWagner_DA,1473,Bündnis 90/Die Grünen,215,165,76.74,191,143,"{'de': 143, 'und': 13, 'en': 7, 'sv': 1, 'eu': 1}",65,39.39,868,5.260606060606061,2,137,0.8303030303030303,0
"Weeser, Sandra",sandra_weeser,3119,FDP,2263,2127,93.99,1923,1796,"{'de': 1796, 'en': 140, 'und': 135, 'tl': 7, 'in': 4, 'sv': 30, 'nl': 6, 'fr': 5, 'lt': 1, 'pl': 1, 'eu': 1, 'da': 1}",1359,63.89,30249,14.221438645980253,1,4143,1.9478138222849084,0
"Weidel, Dr. Alice",Alice_Weidel,111795,AfD,335,323,96.42,333,321,"{'de': 321, 'en': 2}",5,1.55,564996,1749.2136222910217,1550,137875,426.85758513931887,369
"Weyel, Prof. Dr. Harald",h_weyel,4121,AfD,1067,831,77.88,879,672,"{'en': 81, 'de': 672, 'lt': 2, 'und': 40, 'pt': 5, 'et': 1, 'nl': 5, 'fr': 14, 'no': 2, 'in': 2, 'sv': 2, 'es': 2, 'eu': 1, 'ro': 1, 'da': 1}",446,53.67,5971,7.185318892900121,3,1257,1.5126353790613718,0
"Wildberg, Dr. Heiko",Heiko_Wildberg,0,AfD,0,0,0,0,0,{},0,0,0,0,0,0,0,0
"Wirth, Dr. Christian Friedrich",ChrWirthMdB,2422,AfD,63,63,100.0,53,53,"{'de': 53, 'und': 8, 'da': 1, 'en': 1}",25,39.68,3766,59.77777777777778,2,1241,19.6984126984127,0
"Witt, Uwe",Witt_Uwe,3514,AfD,261,227,86.97,256,224,"{'de': 224, 'und': 3}",16,7.05,15792,69.568281938326,26,4505,19.845814977973568,9
"Ziemiak, Paul",PaulZiemiak,39675,CDU,681,570,83.7,653,545,"{'de': 545, 'fr': 1, 'en': 8, 'und': 14, 'pl': 1, 'fi': 1}",85,14.91,101046,177.2736842105263,67.0,12448,21.83859649122807,8.0
"Braun, Jürgen",JuergenBraunAfD,3175,AfD,1853,1432,77.28,1752,1370,"{'de': 1370, 'eu': 6, 'und': 46, 'en': 5, 'nl': 2, 'ht': 1, 'fr': 1, 'in': 1}",429,29.96,36196,25.276536312849164,10.0,11459,8.00209497206704,3.0
"Jacobi, Fabian",Jacobi_AfD,1666,AfD,381,349,91.6,322,294,"{'de': 294, 'und': 30, 'en': 17, 'es': 1, 'nl': 1, 'pt': 2, 'da': 2, 'no': 1, 'hu': 1}",239,68.48,2454,7.0315186246418335,2,633,1.813753581661891,0
"König, Jörn",JoernKoenigAfD,0,AfD,0,0,0,0,0,{},0,0,0,0,0,0,0,0
"Magnitz, Frank",Frank_Magnitz,1969,AfD,2,2,100.0,1,1,"{'und': 1, 'de': 1}",1,50.0,1,0.5,0.5,0,0,0.0
"Springer, René",Rene_Springer,3110,AfD,84,76,90.48,81,74,"{'de': 74, 'und': 2}",8,10.53,2045,26.907894736842106,6.0,684,9,2.0
"Kraft, Dr. Rainer",Dr_Rainer_Kraft,885,AfD,653,409,62.63,635,398,"{'de': 398, 'en': 7, 'und': 3, 'da': 1}",77,18.83,2844,6.9535452322738385,2,720,1.7603911980440097,0
"Hoffmann, Dr. Bettina",bhoffmann_mdb,1603,Bündnis 90/Die Grünen,253,200,79.05,248,196,"{'de': 196, 'und': 4}",78,39.0,1660,8.3,2.0,359,1.795,0.0
"Kappert-Gonther, Dr. Kirsten",KirstenKappert,3743,Bündnis 90/Die Grünen,297,250,84.18,262,225,"{'de': 225, 'und': 16, 'en': 9}",63,25.2,13904,55.616,14.0,2255,9.02,1.0
"Keul, Katja",KatjaKeul,2147,Bündnis 90/Die Grünen,161,135,83.85,148,125,"{'de': 125, 'en': 2, 'und': 6, 'da': 1, 'tr': 1}",47,34.81,1640,12.148148148148149,4,341,2.525925925925926,0
"Stumpp, Margit",margit_stumpp,1693,Bündnis 90/Die Grünen,644,481,74.69,621,469,"{'de': 469, 'en': 4, 'und': 8}",36,7.48,2672,5.555093555093555,2,725,1.5072765072765073,0
"Biadacz, Marc",MBiadaczMdB,1074,CDU,246,190,77.24,232,177,"{'de': 177, 'und': 7, 'da': 1, 'en': 5}",11,5.79,1388,7.3052631578947365,4.0,156,0.8210526315789474,0.0
"Knoerig, Axel",axel_knoerig,327,CDU,16,16,100.0,16,16,{'de': 16},8,50.0,13,0.8125,0.0,1,0.0625,0.0
"Mast, Katja",KatjaMast,2169,SPD,963,822,85.36,910,775,"{'de': 775, 'und': 38, 'lt': 2, 'en': 6, 'sv': 1}",266,32.36,31644,38.496350364963504,12.0,4838,5.885644768856448,2.0
"Müntefering, Michelle",Mi_Muentefering,6502,SPD,748,607,81.15,516,422,"{'de': 422, 'und': 87, 'en': 86, 'ro': 1, 'it': 2, 'es': 2, 'no': 1, 'fr': 2, 'nl': 1, 'sv': 1, 'lt': 1, 'tr': 1}",153,25.21,11782,19.410214168039538,10,1840,3.0313014827018123,1
"Silberhorn, Thomas",SilberhornMdB,2183,CSU,153,110,71.9,138,97,"{'de': 97, 'en': 9, 'und': 1, 'fr': 3}",19,17.27,3405,30.954545454545453,14.5,609,5.536363636363636,2.0
"Schreiber, Eva-Maria",MdB_Schreiber,1181,Die Linke,432,375,86.81,427,372,"{'de': 372, 'und': 1, 'fi': 1, 'en': 1}",52,13.87,1693,4.514666666666667,2,548,1.4613333333333334,0
"Straetmanns, Friedrich",FrStraetmanns,1669,Die Linke,615,523,85.04,611,519,"{'de': 519, 'und': 3, 'en': 1}",92,17.59,7244,13.850860420650095,7,1400,2.676864244741874,1
"Busen, Karlheinz",busen_mdb,889,FDP,23,16,69.57,23,16,{'de': 16},0,0.0,208,13,8.0,25,1.5625,1.0
"Djir-Sarai, Bijan",DjirSarai,4589,FDP,301,240,79.73,286,237,"{'de': 237, 'und': 3}",13,5.42,25910,107.95833333333333,32.5,9856,41.06666666666667,4.0
"in der Beek, Olaf",olafinderbeek,5605,FDP,346,260,75.14,332,248,"{'de': 248, 'und': 5, 'lt': 1, 'sv': 2, 'en': 3, 'nl': 1}",26,10.0,15970,61.42307692307692,28.0,2184,8.4,2.0
"Willkomm, Katharina",k_willkomm,1098,FDP,566,450,79.51,552,436,"{'de': 436, 'en': 4, 'und': 9, 'pt': 1}",241,53.56,1648,3.6622222222222223,2.0,166,0.3688888888888889,0.0
"Mansmann, Till",TillMansmann,563,FDP,48,43,89.58,47,43,{'de': 43},4,9.3,528,12.279069767441861,7,67,1.558139534883721,0
"Müller, Alexander",alexmuellerfdp,1377,FDP,449,360,80.18,436,352,"{'de': 352, 'und': 4, 'en': 4}",54,15.0,4871,13.530555555555555,6.0,928,2.577777777777778,1.0
"Reinhold, Hagen",reinholdmdb,3075,FDP,933,838,89.82,883,791,"{'de': 791, 'und': 31, 'no': 2, 'fi': 1, 'da': 1, 'en': 7, 'nl': 1, 'fr': 2, 'sv': 2}",220,26.25,30743,36.68615751789976,13.0,3428,4.090692124105012,1.0
"Skudelny, Judith",JudithSkudelny,1264,FDP,261,236,90.42,254,229,"{'de': 229, 'und': 6, 'sv': 1}",109,46.19,1172,4.966101694915254,2.0,131,0.5550847457627118,0.0
"Dilcher, Esther",EstherDilcher,0,SPD,0,0,0,0,0,{},0,0,0,0,0,0,0,0
"Aggelidis, Grigorios",aggelidis_fdp,996,FDP,212,194,91.51,210,192,"{'de': 192, 'und': 1, 'el': 1}",43,22.16,1371,7.06701030927835,4.0,200,1.0309278350515463,0.0
"Hollnagel, Dr. Bruno",DrHollnagel,694,AfD,44,44,100.0,44,44,{'de': 44},0,0.0,275,6.25,1.0,107,2.4318181818181817,0.0
"Wiehle, Wolfgang",WolfgangWiehle,1165,AfD,376,376,100.0,374,374,"{'de': 374, 'und': 2}",2,0.53,14086,37.462765957446805,18.0,3936,10.46808510638298,4.0
"Heilmann, Prof. Thomas",ThomasHeilmann,1696,CDU,197,169,85.79,194,167,"{'de': 167, 'ca': 1, 'und': 1}",70,41.42,1612,9.538461538461538,3,327,1.9349112426035502,0
"Hocker, Dr. Gero",GeroHocker,2129,FDP,292,242,82.88,285,236,"{'de': 236, 'und': 5, 'en': 1}",149,61.57,5068,20.94214876033058,4.0,758,3.1322314049586777,0.0
"Müller, Hansjörg Gerhard Georg",MdB_Mueller_AfD,1763,AfD,112,111,99.11,110,109,"{'de': 109, 'und': 2}",2,1.8,819,7.378378378378378,5,425,3.828828828828829,3
"Müller-Rosentritt, Frank",theliberalfrank,2766,FDP,276,263,95.29,271,259,"{'de': 259, 'und': 4}",5,1.9,26945,102.45247148288973,18,19205,73.02281368821293,3
"Neumann, Prof. Dr. Martin",_MartinNeumann,1835,FDP,1368,1019,74.49,1354,1009,"{'de': 1009, 'sv': 2, 'und': 5, 'en': 3}",256,25.12,9574,9.3954857703631,3,1817,1.7831207065750736,0
"Rottmann, Dr. Manuela",ManuelaRottman,3683,Bündnis 90/Die Grünen,1282,1212,94.54,1188,1130,"{'de': 1130, 'en': 28, 'und': 39, 'nl': 1, 'fr': 1, 'lt': 1, 'et': 1, 'da': 5, 'tr': 1, 'no': 1, 'pt': 1, 'uk': 1, 'in': 1, 'ro': 1}",882,72.77,15621,12.888613861386139,2.0,1532,1.2640264026402641,0.0
"Alt, Renata",RenataAlt_MdB,1166,FDP,546,467,85.53,520,466,"{'de': 466, 'en': 1}",6,1.28,2156,4.616702355460386,2,496,1.0620985010706638,0
"Dassler, Britta",BrittaDassler,843,FDP,40,39,97.5,40,39,{'de': 39},5,12.82,317,8.128205128205128,2,38,0.9743589743589743,0
"Klein, Karsten",MdBKlein,1280,FDP,288,260,90.28,278,251,"{'de': 251, 'und': 8, 'en': 1}",98,37.69,2414,9.284615384615385,4.0,322,1.2384615384615385,0.0
"Westig, Nicole",NicoleWestig,1057,FDP,131,100,76.34,128,98,"{'de': 98, 'en': 2}",42,42.0,1071,10.71,5.0,250,2.5,0.0
"Völlers, Marja-Liisa",MarjaVoellers,1672,SPD,383,304,79.37,343,267,"{'de': 267, 'und': 20, 'tl': 1, 'en': 14, 'no': 1, 'pt': 1}",111,36.51,5514,18.138157894736842,7.0,597,1.9638157894736843,0.0
"Herbrand, Markus",HerbrandMarkus,843,FDP,287,213,74.22,279,206,"{'de': 206, 'en': 4, 'und': 3}",39,18.31,2478,11.633802816901408,5,278,1.3051643192488263,0
"Ihnen, Ulla",ullaihnen,618,FDP,118,91,77.12,114,89,"{'de': 89, 'en': 2}",18,19.78,721,7.923076923076923,4,50,0.5494505494505495,0
"Kießling, Michael",Kiessling_MdB,294,CSU,10,10,100.0,10,10,{'de': 10},0,0.0,71,7.1,4.5,11,1.1,0.5
"Lechte, Ulrich",ulrichlechte,1077,FDP,290,265,91.38,269,253,"{'de': 253, 'en': 11, 'und': 1}",112,42.26,2277,8.592452830188678,3,501,1.890566037735849,0
"Ludwig, Daniela",DaniLudwigMdB,6636,CSU,1165,834,71.59,967,648,"{'de': 648, 'en': 35, 'und': 128, 'fr': 4, 'da': 3, 'pt': 1, 'es': 1, 'nl': 1, 'lt': 4, 'cy': 1, 'sv': 3, 'pl': 2, 'in': 3}",283,33.93,23740,28.465227817745802,11.0,3415,4.094724220623501,1.0
"Mohamed Ali, Amira",Amira_M_Ali,6211,Die Linke,188,178,94.68,188,178,{'de': 178},2,1.12,40137,225.48876404494382,152.5,7710,43.31460674157304,30.0
"Ploß, Dr. Christoph ",christophploss,2185,CDU,498,467,93.78,481,452,"{'de': 452, 'und': 12, 'en': 2, 'tr': 1}",195,41.76,15069,32.267665952890795,7,1776,3.8029978586723767,0
"Schlund, Dr. Robby",DrRobbySchlund,0,AfD,0,0,0,0,0,{},0,0,0,0,0,0,0,0
"Röttgen, Dr. Norbert",n_roettgen,42433,CDU,1768,1580,89.37,1532,1397,"{'de': 1397, 'en': 155, 'fr': 10, 'in': 1, 'und': 10, 'es': 2, 'it': 3, 'sv': 1, 'da': 1}",369,23.35,289364,183.14177215189872,65.0,60331,38.18417721518988,6.0
"Sauter, Christian",Chr_Sauter,346,FDP,8,8,100.0,8,8,{'de': 8},1,12.5,358,44.75,6.5,72,9,0.0
"Seestern-Pauly, Matthias",mseesternpauly,828,FDP,41,36,87.8,40,35,"{'de': 35, 'en': 1}",1,2.78,415,11.527777777777779,7.0,86,2.388888888888889,0.0
"Throm, Alexander",alexander_throm,424,CDU,130,96,73.85,129,95,"{'de': 95, 'da': 1}",20,20.83,638,6.645833333333333,4.0,71,0.7395833333333334,0.0
"Malsack-Winkemann, Dr. Birgit",MalsackWinkeman,1633,AfD,198,198,100.0,193,193,"{'und': 2, 'de': 193, 'lt': 1, 'en': 2}",6,3.03,4126,20.838383838383837,14.0,1496,7.555555555555555,4.0
"Bauer, Nicole",nicole_ae_bauer,2129,FDP,166,133,80.12,161,132,"{'de': 132, 'en': 1}",23,17.29,2674,20.105263157894736,9,405,3.045112781954887,1
"Esdar, Wiebke",wiebkeesdar1,0,SPD,0,0,0,0,0,{},0,0,0,0,0,0,0,0
"Moll, Claudia",ClaudiaMollMdB,583,SPD,13,11,84.62,13,11,{'de': 11},5,45.45,79,7.181818181818182,7,11,1,1
"Rachel, Thomas",_ThomasRachel,660,CDU,33,30,90.91,31,29,"{'de': 29, 'und': 1}",5,16.67,410,13.666666666666666,9.0,68,2.2666666666666666,1.0
"Tatti, Jessica",jessica_tatti,458,Die Linke,6,6,100.0,6,6,{'de': 6},6,100.0,20,3.3333333333333335,4.0,0,0,0.0
"Ferschl, Susanne",SusanneFerschl,1090,Die Linke,625,527,84.32,610,512,"{'de': 512, 'und': 13, 'en': 2}",132,25.05,6301,11.956356736242885,5,1713,3.250474383301708,1
"Heidenblut, Dirk",DHeidenblut,784,SPD,5,5,100.0,5,5,{'de': 5},4,80.0,608,121.6,2,94,18.8,0
"Hoffmann, Dr. Christoph",HoffmannForest,1242,FDP,2448,1553,63.44,2286,1441,"{'de': 1441, 'en': 32, 'und': 58, 'tr': 1, 'pt': 1, 'es': 5, 'eu': 2, 'da': 1, 'fr': 7, 'in': 1, 'tl': 1, 'nl': 1, 'no': 1, 'sv': 1}",154,9.92,4842,3.117836445589182,1,689,0.4436574372182872,0
"Tillmann, Antje",AntjeTillmann,645,CDU,196,137,69.9,192,135,"{'de': 135, 'fr': 1, 'und': 1}",55,40.15,894,6.525547445255475,1,121,0.8832116788321168,0
"Westphal, Bernd",BerndWestphal4,518,SPD,60,42,70.0,55,37,"{'de': 37, 'und': 3, 'en': 1, 'da': 1}",5,11.9,529,12.595238095238095,5.0,61,1.4523809523809523,0.0
"Maag, Karin",MaagKarin,703,CDU,69,64,92.75,68,63,"{'de': 63, 'ht': 1}",43,67.19,506,7.90625,2.0,40,0.625,0.0
"Ryglewski, Sarah",RyglewskiS,1101,SPD,100,81,81.0,89,72,"{'de': 72, 'en': 5, 'tr': 2, 'und': 2}",35,43.21,604,7.45679012345679,5,64,0.7901234567901234,0
"Hennrich, Michael",MichaelHennric2,215,CDU,15,15,100.0,15,15,{'de': 15},10,66.67,28,1.8666666666666667,1,4,0.26666666666666666,0
"Motschmann, Elisabeth",ElisabethMotsc1,809,CDU,92,80,86.96,84,75,"{'de': 75, 'en': 5}",7,8.75,1743,21.7875,6.0,213,2.6625,1.0
"Stegemann, Albert",StegemannAlbert,619,CDU,25,17,68.0,24,17,{'de': 17},2,11.76,284,16.705882352941178,5,50,2.9411764705882355,1
"Mackensen, Isabel",IsabelMackensen,678,SPD,61,49,80.33,58,46,"{'de': 46, 'en': 2, 'und': 1}",24,48.98,239,4.877551020408164,2,19,0.3877551020408163,0
"Heidt, Peter",PeterHeidtFDP,546,FDP,226,179,79.2,216,170,"{'und': 5, 'de': 170, 'fi': 1, 'fr': 3}",11,6.15,1476,8.245810055865922,6,426,2.3798882681564244,2
"Connemann, Gitta",gitta_connemann,1700,CDU,195,149,76.41,190,147,"{'de': 147, 'und': 2}",11,7.38,12206,81.91946308724832,14,2262,15.181208053691275,2
"Fahimi, Yasmin",FahimiYasmin,891,SPD,151,134,88.74,148,131,"{'de': 131, 'en': 1, 'und': 2}",89,66.42,2092,15.611940298507463,3.0,280,2.08955223880597,0.0
"Gnodtke, Eckhard",EckhardGnodtke,104,CDU,71,71,100.0,71,71,{'de': 71},37,52.11,146,2.056338028169014,1,4,0.056338028169014086,0
"Patzelt, Martin",MPatzeltCDU,412,CDU,65,56,86.15,65,56,{'de': 56},1,1.79,436,7.785714285714286,2.0,64,1.1428571428571428,0.0
"Kulitz, Alexander",AKulitz,363,FDP,49,44,89.8,48,44,{'de': 44},0,0.0,149,3.3863636363636362,2.0,30,0.6818181818181818,0.0
"Rützel, Bernd",ruetzelbernd,0,SPD,0,0,0,0,0,{},0,0,0,0,0,0,0,0
"Baumann, Dr. Bernd",BerndBaumannAfD,2236,AfD,53,51,96.23,52,50,"{'de': 50, 'und': 1}",8,15.69,16019,314.0980392156863,143,4448,87.2156862745098,32
"Frei, Thorsten",thorsten_frei,684,CDU,18,17,94.44,17,16,"{'de': 16, 'en': 1}",0,0.0,784,46.11764705882353,6,150,8.823529411764707,0
"Grundl, Erhard",Erhard_Grundl,1299,Bündnis 90/Die Grünen,282,228,80.85,248,195,"{'de': 195, 'en': 8, 'und': 21, 'sv': 1, 'no': 1, 'uk': 1, 'fr': 1}",25,10.96,1521,6.671052631578948,4.0,404,1.7719298245614035,1.0
"Hohmann, Martin",HohmannMdb,419,AfD,106,106,100.0,102,102,"{'de': 102, 'und': 4}",1,0.94,660,6.226415094339623,2.0,157,1.4811320754716981,0.0
"Bubendorfer-Licht, Sandra",Bubendorferfdp,242,FDP,279,221,79.21,265,209,"{'de': 209, 'en': 4, 'da': 1, 'und': 5, 'no': 1, 'lt': 1}",20,9.05,1190,5.384615384615385,3,229,1.0361990950226245,0
"Martens, Dr. Jürgen",juergen_martens,245,FDP,49,47,95.92,49,47,{'de': 47},16,34.04,199,4.23404255319149,3,38,0.8085106382978723,0
"Bach, Bela",bela_bach,631,SPD,129,108,83.72,122,103,"{'und': 2, 'de': 103, 'en': 3}",33,30.56,754,6.981481481481482,3.0,116,1.0740740740740742,0.0
"Freitag, Dagmar",DagmarFreitag13,733,SPD,1335,881,65.99,1002,657,"{'de': 657, 'en': 184, 'und': 30, 'da': 2, 'et': 1, 'sv': 3, 'fr': 1, 'hu': 1, 'tr': 1, 'cy': 1}",114,12.94,4991,5.665153234960273,3,552,0.626560726447219,0
"Weingarten, Joe",DrJoeWeingarten,771,SPD,197,152,77.16,191,147,"{'de': 147, 'sv': 1, 'und': 2, 'da': 1, 'en': 1}",40,26.32,748,4.921052631578948,3.0,107,0.7039473684210527,0.0
"Schneidewind-Hartnagel, Charlotte",charlotte_mdb,114,Bündnis 90/Die Grünen,20,18,90.0,20,18,{'de': 18},0,0.0,26,1.4444444444444444,1.0,4,0.2222222222222222,0.0
"Zickenheiner, Gerhard",GZickenheiner,316,Bündnis 90/Die Grünen,111,105,94.59,105,101,"{'de': 101, 'en': 2, 'und': 2}",16,15.24,776,7.390476190476191,3,43,0.4095238095238095,0
"Monstadt, Dietrich",MdBMonstadt,0,CDU,0,0,0,0,0,{},0,0,0,0,0,0,0,0
"Vries, Christoph de",VriesChristoph,321,CDU,104,81,77.88,99,78,"{'de': 78, 'und': 2, 'es': 1}",22,27.16,338,4.172839506172839,1,61,0.7530864197530864,0
"Nölke, Matthias",Matthiasnoelke,347,FDP,64,50,78.12,61,47,"{'de': 47, 'und': 2, 'no': 1}",22,44.0,216,4.32,1.0,10,0.2,0.0
"Martin, Dorothee",Doro_Martin,3015,SPD,605,498,82.31,504,416,"{'de': 416, 'und': 36, 'en': 30, 'eu': 1, 'in': 3, 'et': 1, 'tr': 1, 'fr': 6, 'ht': 2, 'sv': 1, 'es': 1}",285,57.23,8599,17.26706827309237,4.0,418,0.8393574297188755,0.0
"Baradari, Nezahat",BaradariNezahat,0,SPD,0,0,0,0,0,{},0,0,0,0,0,0,0,0
"Lehmann, Sylvia",LehmannSpd,0,SPD,0,0,0,0,0,{},0,0,0,0,0,0,0,0
"Hilse, Karsten",HilseMdb,393,AfD,1,1,100.0,0,0,{'und': 1},1,100.0,2,2,2,0,0,0
"Huber, Johannes",HuberMdB,1857,AfD,167,139,83.23,159,135,"{'de': 135, 'und': 1, 'en': 2, 'ht': 1}",34,24.46,4925,35.431654676258994,16,1549,11.143884892086332,3
"Krichbaum, Gunther",GuntherKrichba3,145,CDU,19,19,100.0,19,19,{'de': 19},9,47.37,56,2.9473684210526314,2,8,0.42105263157894735,0
"Ludwig, Saskia",SaskiaLudwig17,1400,CDU,408,273,66.91,365,242,"{'de': 242, 'en': 18, 'und': 11, 'eu': 1, 'pl': 1}",49,17.95,5882,21.545787545787547,3,995,3.6446886446886446,0
"Möller, Siemtje",SiemtjeMdB,2240,SPD,326,241,73.93,269,198,"{'de': 198, 'und': 21, 'lt': 1, 'en': 15, 'pt': 1, 'fr': 2, 'nl': 2, 'is': 1}",128,53.11,3833,15.904564315352697,5,289,1.1991701244813278,0
"Otten, Gerold",Gerold_Otten,1422,AfD,73,71,97.26,69,69,"{'de': 69, 'und': 2}",11,15.49,2968,41.80281690140845,5,843,11.873239436619718,1
"Kramp-Karrenbauer, Annegret",akk,119501,CDU,210,171,81.43,184,152,"{'de': 152, 'en': 12, 'sv': 1, 'und': 5, 'fr': 1}",21,12.28,55212,322.87719298245617,138,7919,46.30994152046784,28
"Klöckner, Julia",JuliaKloeckner,72094,CDU,629,515,81.88,573,461,"{'de': 461, 'und': 47, 'en': 4, 'fr': 1, 'cs': 2}",121,23.5,32805,63.699029126213595,26,4361,8.467961165048544,3
"Schulze, Svenja",SvenjaSchulze68,21169,SPD,418,312,74.64,368,279,"{'de': 279, 'en': 31, 'lt': 1, 'und': 1}",13,4.17,26737,85.69551282051282,52.5,6855,21.971153846153847,17.0
"Söder, Markus",Markus_Soeder,210547,CSU,549,495,90.16,537,483,"{'de': 483, 'und': 6, 'en': 3, 'pl': 1, 'da': 1, 'fr': 1}",23,4.65,519420,1049.3333333333333,525,45321,91.55757575757576,43
"Walter-Borjans, Norbert",NowaboFM,49487,SPD,782,692,88.49,735,650,"{'de': 650, 'und': 27, 'en': 13, 'lt': 1, 'pl': 1}",343,49.57,123837,178.95520231213874,77.0,11688,16.890173410404625,5.0
"Meuthen, Prof. Dr. Norbert",Joerg_Meuthen,71229,AFD,351,345,98.29,344,339,"{'de': 339, 'it': 2, 'en': 2, 'und': 2}",0,0.0,381468,1105.7043478260869,1021,81971,237.59710144927536,211
"Beck, Volker",Volker_Beck,93773,Bündnis 90/Die Grünen,5141,4389,85.37,4757,4110,"{'de': 4110, 'en': 105, 'und': 119, 'iw': 12, 'ht': 2, 'nl': 4, 'ro': 7, 'in': 1, 'es': 1, 'it': 1, 'lt': 1, 'sv': 2, 'pt': 3, 'fr': 7, 'da': 3, 'ca': 3, 'bg': 1, 'et': 1, 'no': 3, 'hu': 1, 'tl': 2}",3077,70.11,143018,32.58555479608111,5,19078,4.3467760309865575,0
"Polenz, Ruprecht",polenz_r,59764,CDU,13199,11637,88.17,11990,10559,"{'de': 10559, 'und': 823, 'no': 11, 'en': 177, 'nl': 11, 'in': 4, 'ca': 1, 'da': 13, 'cy': 3, 'sv': 8, 'es': 4, 'et': 1, 'fr': 9, 'ht': 2, 'pt': 3, 'hu': 1, 'lt': 2, 'cs': 1, 'eu': 1, 'tr': 1, 'lv': 1, 'it': 1}",7192,61.8,1869094,160.61648191114548,20,190399,16.361519291913723,1
"Kühnert, Kevin",KuehniKev,251698,SPD,3243,3039,93.71,2785,2592,"{'de': 2592, 'und': 265, 'en': 109, 'no': 4, 'sv': 6, 'fr': 10, 'et': 9, 'es': 9, 'lv': 1, 'ro': 1, 'is': 3, 'nl': 3, 'tl': 7, 'in': 4, 'tr': 2, 'pt': 2, 'da': 5, 'lt': 4, 'it': 2, 'eu': 1}",2632,86.61,1491972,490.9417571569595,31,84020,27.647252385653175,0
"Stegner, Ralf",Ralf_Stegner,59904,SPD,4253,3581,84.2,4028,3417,"{'de': 3417, 'und': 33, 'en': 103, 'lt': 1, 'sv': 1, 'ht': 2, 'is': 2, 'fi': 4, 'hu': 3, 'da': 2, 'fr': 3, 'eu': 1, 'pl': 1, 'in': 2, 'nl': 2, 'no': 3, 'pt': 1}",2,0.06,255668,71.39569952527226,12,28257,7.890812622172578,1
